"Id";"Name";"Order";"CategoryId";"Country";"Region";"IsActive";"CountryCode";"Language";"IsMajor";"IsInternational"
"sr:tournament:1";"European Championship";2;"sr:category:4";"International";"intl";1;"UFA";"en-US";1;1
"sr:tournament:1000";"Super League";1000;"sr:category:85";"Malaysia";"other";1;"";"en-US";0;0
"sr:tournament:1002";"Kuwait League";1000;"sr:category:331";"Kuwait";"other";0;"";"en-US";0;0
"sr:tournament:1006";"Elite One";1000;"sr:category:391";"Cameroon";"other";1;"";"en-US";0;0
"sr:tournament:1008";"Copa Del Sol";1000;"sr:category:393";"International Clubs";"other";1;"";"en-US";0;1
"sr:tournament:101";"J. League Cup";1000;"sr:category:52";"Japan";"other";0;"";"en-US";0;0
"sr:tournament:1015";"Liga 1";1000;"sr:category:368";"Indonesia";"other";1;"";"en-US";0;0
"sr:tournament:1016";"U21";1000;"sr:category:155";"Sweden Amateur";"other";1;"";"en-US";0;0
"sr:tournament:1018";"Cyprus Women Cup";79;"sr:category:4";"International";"intl";1;"";"en-US";1;1
"sr:tournament:1020";"FA Cup";1000;"sr:category:322";"South Africa";"other";1;"";"en-US";0;0
"sr:tournament:1024";"Copa Argentina";1000;"sr:category:48";"Argentina";"other";1;"";"en-US";0;0
"sr:tournament:1026";"Kakkonen, Etelainen";1000;"sr:category:19";"Finland";"other";0;"";"en-US";0;0
"sr:tournament:1032";"Premier League";1000;"sr:category:485";"Thailand";"other";0;"";"en-US";0;0
"sr:tournament:1044";"The FA Women's Super League";1000;"sr:category:252";"England Amateur";"other";1;"";"en-US";0;0
"sr:tournament:1048";"Spor Toto Cup";1000;"sr:category:46";"Turkey";"other";0;"";"en-US";0;0
"sr:tournament:1052";"U18 Slovakia Cup";1000;"sr:category:392";"International Youth";"intl";1;"";"en-US";0;1
"sr:tournament:1054";"CAF Champions League";1000;"sr:category:393";"International Clubs";"other";1;"";"en-US";0;1
"sr:tournament:1058";"Svenska Cup Women";1000;"sr:category:9";"Sweden";"other";0;"";"en-US";0;0
"sr:tournament:1060";"Baltic Cup";59;"sr:category:4";"International";"intl";1;"";"en-US";1;1
"sr:tournament:1062";"NM Cup Women";1000;"sr:category:5";"Norway";"other";0;"";"en-US";0;0
"sr:tournament:1072";"U23 Friendly Games";1000;"sr:category:392";"International Youth";"intl";1;"";"en-US";0;1
"sr:tournament:1074";"U20 Copa Libertadores";1000;"sr:category:392";"International Youth";"other";1;"";"en-US";0;1
"sr:tournament:1079";"Regionalliga Southwest";1000;"sr:category:122";"Germany Amateur";"other";1;"";"en-US";0;0
"sr:tournament:1083";"Regionalliga Northeast";1000;"sr:category:122";"Germany Amateur";"other";1;"";"en-US";0;0
"sr:tournament:1085";"Regionalliga Bavaria";1000;"sr:category:122";"Germany Amateur";"other";0;"";"en-US";0;0
"sr:tournament:1087";"PFL, East";1000;"sr:category:21";"Russia";"other";1;"";"en-US";0;0
"sr:tournament:1089";"Bayernliga North";1000;"sr:category:122";"Germany Amateur";"other";1;"";"en-US";0;0
"sr:tournament:1091";"Bayernliga South";1000;"sr:category:122";"Germany Amateur";"other";1;"";"en-US";0;0
"sr:tournament:1093";"PFL, South";1000;"sr:category:21";"Russia";"other";1;"";"en-US";0;0
"sr:tournament:1095";"PFL, Center";1000;"sr:category:21";"Russia";"other";1;"";"en-US";0;0
"sr:tournament:1097";"PFL, Ural-Povolzhye";1000;"sr:category:21";"Russia";"other";1;"";"en-US";0;0
"sr:tournament:1099";"PFL, West";1000;"sr:category:21";"Russia";"other";1;"";"en-US";0;0
"sr:tournament:11";"WC Qualification, UEFA";3;"sr:category:4";"International";"intl";1;"FFA";"en-US";1;1
"sr:tournament:1101";"Promotion League";1000;"sr:category:25";"Switzerland";"other";1;"";"en-US";0;0
"sr:tournament:1103";"Oberliga Niederrhein";1000;"sr:category:122";"Germany Amateur";"other";0;"";"en-US";0;0
"sr:tournament:1105";"Oberliga Mittelrhein";1000;"sr:category:122";"Germany Amateur";"other";0;"";"en-US";0;0
"sr:tournament:1107";"Supercup";1000;"sr:category:257";"Albania";"other";1;"";"en-US";0;0
"sr:tournament:1109";"Oberliga Rheinland-Pfalz";1000;"sr:category:122";"Germany Amateur";"other";0;"";"en-US";0;0
"sr:tournament:1111";"Northern League, Pr. Div";1000;"sr:category:252";"England Amateur";"other";1;"";"en-US";0;0
"sr:tournament:1113";"Southern League, Pr. Div";1000;"sr:category:252";"England Amateur";"other";1;"";"en-US";0;0
"sr:tournament:1115";"CAF Confederations Cup";1000;"sr:category:393";"International Clubs";"other";1;"";"en-US";0;1
"sr:tournament:1117";"Reserve League";1000;"sr:category:33";"Belgium";"other";0;"";"en-US";0;0
"sr:tournament:1119";"Supercopa de Catalunya";92;"sr:category:32";"Spain";"other";1;"ESP";"en-US";1;0
"sr:tournament:1125";"MTN 8";1000;"sr:category:322";"South Africa";"other";1;"";"en-US";0;0
"sr:tournament:1127";"Primera Division Women";96;"sr:category:32";"Spain";"other";1;"ESP";"en-US";1;0
"sr:tournament:1129";"Premier League 2";1000;"sr:category:252";"England Amateur";"other";1;"";"en-US";0;0
"sr:tournament:1131";"Isthmian League, Pr. Div";1000;"sr:category:252";"England Amateur";"other";1;"";"en-US";0;0
"sr:tournament:1133";"U19 Championship";1000;"sr:category:44";"Portugal";"other";0;"";"en-US";0;0
"sr:tournament:1135";"Second Prof. League";1000;"sr:category:78";"Bulgaria";"other";1;"";"en-US";0;0
"sr:tournament:1137";"Premier League";1000;"sr:category:755";"Pakistan";"other";1;"";"en-US";0;0
"sr:tournament:1139";"Division 1 Women";116;"sr:category:7";"France";"other";1;"FRA";"en-US";1;0
"sr:tournament:1161";"Caribbean Cup";57;"sr:category:4";"International";"intl";1;"";"en-US";1;1
"sr:tournament:1191";"Premier League";1000;"sr:category:542";"Ghana";"other";0;"";"en-US";0;0
"sr:tournament:1205";"League Cup";1000;"sr:category:322";"South Africa";"other";1;"";"en-US";0;0
"sr:tournament:1211";"Ligue 1";1000;"sr:category:390";"Ivory Coast";"other";1;"";"en-US";0;0
"sr:tournament:1217";"Copa Centroamericana";52;"sr:category:4";"International";"intl";1;"COP";"en-US";1;1
"sr:tournament:1221";"Copa Chile";1000;"sr:category:49";"Chile";"other";1;"";"en-US";0;0
"sr:tournament:1222";"OFC Champions League";1000;"sr:category:393";"International Clubs";"other";1;"";"en-US";0;1
"sr:tournament:1224";"Winter League";1000;"sr:category:18";"Czech Republic";"other";0;"";"en-US";0;0
"sr:tournament:1226";"Premier League";1000;"sr:category:886";"Senegal";"other";1;"";"en-US";0;0
"sr:tournament:1230";"Torneos de Verano";1000;"sr:category:393";"International Clubs";"other";1;"";"en-US";0;1
"sr:tournament:1234";"Paulista, Serie A2";1000;"sr:category:13";"Brazil";"other";1;"";"en-US";0;0
"sr:tournament:1236";"Super Cup";1000;"sr:category:366";"Vietnam";"other";1;"";"en-US";0;0
"sr:tournament:1238";"Primera B";1000;"sr:category:274";"Colombia";"other";1;"";"en-US";0;0
"sr:tournament:1240";"Primera B";1000;"sr:category:49";"Chile";"other";1;"";"en-US";0;0
"sr:tournament:1244";"NextGen Series";1000;"sr:category:392";"International Youth";"other";1;"";"en-US";0;1
"sr:tournament:1246";"Viareggio Cup";1000;"sr:category:392";"International Youth";"other";1;"";"en-US";0;1
"sr:tournament:1248";"Brisbane Premier League";1000;"sr:category:34";"Australia";"other";0;"";"en-US";0;0
"sr:tournament:1250";"CAF Super Cup";1000;"sr:category:393";"International Clubs";"other";0;"";"en-US";0;1
"sr:tournament:1254";"Segunda Division";1000;"sr:category:280";"Paraguay";"other";1;"";"en-US";0;0
"sr:tournament:1258";"NPL, South Australia";1000;"sr:category:34";"Australia";"other";1;"";"en-US";0;0
"sr:tournament:1260";"NPL, Capital Football";1000;"sr:category:34";"Australia";"other";1;"";"en-US";0;0
"sr:tournament:1262";"Super Cup";1000;"sr:category:160";"Lithuania";"other";1;"";"en-US";0;0
"sr:tournament:1266";"Super Cup";1000;"sr:category:163";"Latvia";"other";0;"";"en-US";0;0
"sr:tournament:1268";"NPL, Queensland";1000;"sr:category:34";"Australia";"other";1;"";"en-US";0;0
"sr:tournament:1270";"NPL, Western Australia";1000;"sr:category:34";"Australia";"other";1;"";"en-US";0;0
"sr:tournament:1274";"NPL, New South Wales";1000;"sr:category:34";"Australia";"other";1;"";"en-US";0;0
"sr:tournament:1275";"NPL, Victoria";1000;"sr:category:34";"Australia";"other";1;"";"en-US";0;0
"sr:tournament:1279";"Regionalliga Salzburg";1000;"sr:category:97";"Austria Amateur";"other";0;"";"en-US";0;0
"sr:tournament:1281";"Brasileiro Serie C";1000;"sr:category:13";"Brazil";"other";1;"";"en-US";0;0
"sr:tournament:1295";"Emirates Cup";1000;"sr:category:393";"International Clubs";"other";1;"";"en-US";0;1
"sr:tournament:13";"WC Qualification, CAF";4;"sr:category:4";"International";"intl";1;"FFA";"en-US";1;1
"sr:tournament:1303";"U21";1000;"sr:category:18";"Czech Republic";"other";0;"";"en-US";0;0
"sr:tournament:1307";"U19";1000;"sr:category:86";"Ukraine";"other";0;"";"en-US";0;0
"sr:tournament:1309";"Supercup";1000;"sr:category:49";"Chile";"other";1;"";"en-US";0;0
"sr:tournament:131";"Eerste Divisie";1000;"sr:category:35";"Netherlands";"other";1;"";"en-US";0;0
"sr:tournament:1311";"AME Cup";1000;"sr:category:134";"Malta";"other";1;"";"en-US";0;0
"sr:tournament:1325";"Prem League Asia Trophy";1000;"sr:category:393";"International Clubs";"other";1;"";"en-US";0;1
"sr:tournament:1327";"U19 1. Liga";1000;"sr:category:23";"Slovakia";"other";1;"";"en-US";0;0
"sr:tournament:133";"Copa America";51;"sr:category:4";"International";"intl";1;"COP";"en-US";1;1
"sr:tournament:1335";"Copa Colombia";1000;"sr:category:274";"Colombia";"other";1;"";"en-US";0;0
"sr:tournament:1337";"Int. Champions Cup";1000;"sr:category:393";"International Clubs";"other";1;"";"en-US";0;1
"sr:tournament:1339";"NB II";1000;"sr:category:11";"Hungary";"other";1;"";"en-US";0;0
"sr:tournament:1343";"Supercup";1000;"sr:category:387";"San Marino";"other";0;"";"en-US";0;0
"sr:tournament:1347";"Primera B";1000;"sr:category:48";"Argentina";"other";1;"";"en-US";0;0
"sr:tournament:135";"2. Liga";1000;"sr:category:17";"Austria";"other";0;"";"en-US";0;0
"sr:tournament:136";"A-League";22;"sr:category:34";"Australia";"as";1;"AUS";"en-US";1;0
"sr:tournament:13635";"Premier League, Women";1000;"sr:category:21";"Russia";"other";1;"";"en-US";0;0
"sr:tournament:1365";"CLJ";1000;"sr:category:47";"Poland";"other";0;"";"en-US";0;0
"sr:tournament:13681";"Canadian Championship";1000;"sr:category:388";"Canada";"other";1;"";"en-US";0;0
"sr:tournament:13685";"U20 Campeonato Brasileiro";1000;"sr:category:13";"Brazil";"other";0;"";"en-US";0;0
"sr:tournament:13687";"United Soccer League";1000;"sr:category:26";"USA";"other";0;"";"en-US";0;0
"sr:tournament:1369";"League Cup";1000;"sr:category:299";"United Arab Emirates";"other";1;"";"en-US";0;0
"sr:tournament:1374";"Serie D, Girone A";1000;"sr:category:31";"Italy";"other";1;"";"en-US";0;0
"sr:tournament:1376";"Serie D, Girone B";1000;"sr:category:31";"Italy";"other";1;"";"en-US";0;0
"sr:tournament:1378";"Serie D, Girone C";1000;"sr:category:31";"Italy";"other";1;"";"en-US";0;0
"sr:tournament:1380";"Serie D, Girone D";1000;"sr:category:31";"Italy";"other";1;"";"en-US";0;0
"sr:tournament:1382";"Serie D, Girone E";1000;"sr:category:31";"Italy";"other";1;"";"en-US";0;0
"sr:tournament:1384";"Serie D, Girone F";1000;"sr:category:31";"Italy";"other";1;"";"en-US";0;0
"sr:tournament:1386";"Serie D, Girone G";1000;"sr:category:31";"Italy";"other";1;"";"en-US";0;0
"sr:tournament:1388";"Serie D, Girone H";1000;"sr:category:31";"Italy";"other";1;"";"en-US";0;0
"sr:tournament:1390";"Serie D, Girone I";1000;"sr:category:31";"Italy";"other";1;"";"en-US";0;0
"sr:tournament:14";"WC Qual, CONCACAF";8;"sr:category:4";"International";"intl";1;"FFA";"en-US";1;1
"sr:tournament:140";"Gold Cup";53;"sr:category:4";"International";"intl";1;"CAF";"en-US";1;1
"sr:tournament:14043";"League Cup, Premier";1000;"sr:category:66";"Israel";"other";0;"";"en-US";0;0
"sr:tournament:14045";"League Cup, National";1000;"sr:category:66";"Israel";"other";0;"";"en-US";0;0
"sr:tournament:14145";"Coupe Nationale";1000;"sr:category:390";"Ivory Coast";"other";0;"";"en-US";0;0
"sr:tournament:14147";"Msfl";1000;"sr:category:18";"Czech Republic";"other";1;"";"en-US";0;0
"sr:tournament:14151";"Cfl";1000;"sr:category:18";"Czech Republic";"other";1;"";"en-US";0;0
"sr:tournament:14189";"Superliga";1000;"sr:category:565";"Kosovo";"other";1;"";"en-US";0;0
"sr:tournament:14191";"U20 Super League";1000;"sr:category:67";"Greece";"other";0;"";"en-US";0;0
"sr:tournament:14193";"Elitedivisionen, Women";1000;"sr:category:8";"Denmark";"other";1;"";"en-US";0;0
"sr:tournament:14197";"Bundesliga, Women";1000;"sr:category:97";"Austria Amateur";"other";1;"";"en-US";0;0
"sr:tournament:142";"Oberliga BW";1000;"sr:category:122";"Germany Amateur";"other";0;"";"en-US";0;0
"sr:tournament:14229";"Danmarksserien, Pulje 4";1000;"sr:category:95";"Denmark Amateur";"other";1;"";"en-US";0;0
"sr:tournament:14231";"First League";1000;"sr:category:565";"Kosovo";"other";1;"";"en-US";0;0
"sr:tournament:14321";"Ligue 2";1000;"sr:category:304";"Algeria";"other";1;"";"en-US";0;0
"sr:tournament:1434";"Morocco Cup";1000;"sr:category:303";"Morocco";"other";1;"";"en-US";0;0
"sr:tournament:144";"Bayernliga";1000;"sr:category:122";"Germany Amateur";"other";1;"";"en-US";0;0
"sr:tournament:14413";"U20 Copa Do Brasil";1000;"sr:category:13";"Brazil";"other";0;"";"en-US";0;0
"sr:tournament:1448";"3rd League, Group 1";1000;"sr:category:67";"Greece";"other";0;"";"en-US";0;0
"sr:tournament:145";"Oberliga NOFV North";1000;"sr:category:122";"Germany Amateur";"other";0;"";"en-US";0;0
"sr:tournament:146";"Oberliga Westfalen";1000;"sr:category:122";"Germany Amateur";"other";0;"";"en-US";0;0
"sr:tournament:1460";"3rd Division";1000;"sr:category:102";"Cyprus";"other";1;"";"en-US";0;0
"sr:tournament:14604";"Africa Cup of Nations, Women";1000;"sr:category:4";"International";"other";1;"";"en-US";0;1
"sr:tournament:1462";"Cup of 3rd League";1000;"sr:category:67";"Greece";"other";0;"";"en-US";0;0
"sr:tournament:1464";"UEFA Youth League";1000;"sr:category:393";"International Clubs";"other";1;"";"en-US";0;1
"sr:tournament:14688";"Kosovo FA Cup";1000;"sr:category:565";"Kosovo";"other";0;"";"en-US";0;0
"sr:tournament:14758";"Campeonato de Portugal";1000;"sr:category:44";"Portugal";"other";1;"";"en-US";0;0
"sr:tournament:14800";"Florida Cup";1000;"sr:category:393";"International Clubs";"other";1;"";"en-US";0;1
"sr:tournament:14864";"Premier League";1000;"sr:category:824";"Uganda";"other";1;"";"en-US";0;0
"sr:tournament:14868";"J-League New Year Cup";1000;"sr:category:52";"Japan";"other";0;"";"en-US";0;0
"sr:tournament:14876";"Copa Verde";1000;"sr:category:13";"Brazil";"other";0;"";"en-US";0;0
"sr:tournament:150";"Oberliga NOFV South";1000;"sr:category:122";"Germany Amateur";"other";0;"";"en-US";0;0
"sr:tournament:15027";"Ligapro Primera B";1000;"sr:category:165";"Ecuador";"other";1;"";"en-US";0;0
"sr:tournament:15091";"Campeonato Brasileiro, Women";1000;"sr:category:13";"Brazil";"other";0;"";"en-US";0;0
"sr:tournament:1510";"National Premier League";1000;"sr:category:34";"Australia";"other";1;"";"en-US";0;0
"sr:tournament:15123";"National League";1000;"sr:category:291";"Republic of Korea";"other";1;"";"en-US";0;0
"sr:tournament:1518";"Stars Cup";1000;"sr:category:353";"Qatar";"other";1;"";"en-US";0;0
"sr:tournament:152";"Liga I";1000;"sr:category:77";"Romania";"other";1;"";"en-US";0;0
"sr:tournament:15219";"FA Cup";1000;"sr:category:339";"Hong Kong, China";"other";0;"";"en-US";0;0
"sr:tournament:15227";"Campeonato Alagoano";1000;"sr:category:13";"Brazil";"other";0;"";"en-US";0;0
"sr:tournament:15231";"Paraibano";1000;"sr:category:13";"Brazil";"other";0;"";"en-US";0;0
"sr:tournament:15235";"Segunda Division";1000;"sr:category:20";"Peru";"other";0;"";"en-US";0;0
"sr:tournament:15257";"Sergipano";1000;"sr:category:13";"Brazil";"other";0;"";"en-US";0;0
"sr:tournament:15279";"Urvalsdeild, Women";1000;"sr:category:10";"Iceland";"other";1;"";"en-US";0;0
"sr:tournament:15281";"U20 Paulista";1000;"sr:category:13";"Brazil";"other";0;"";"en-US";0;0
"sr:tournament:15283";"2. Deild";1000;"sr:category:10";"Iceland";"other";0;"";"en-US";0;0
"sr:tournament:15285";"Premier Development League";1000;"sr:category:26";"USA";"other";0;"";"en-US";0;0
"sr:tournament:1530";"U17 CONCACAF Ch.ship W";1000;"sr:category:392";"International Youth";"intl";1;"";"en-US";0;1
"sr:tournament:15327";"Federation Cup";1000;"sr:category:352";"India";"other";0;"";"en-US";0;0
"sr:tournament:15335";"Brasileiro Serie D";1000;"sr:category:13";"Brazil";"other";1;"";"en-US";0;0
"sr:tournament:154";"1. CFL";1000;"sr:category:386";"Montenegro";"other";1;"";"en-US";0;0
"sr:tournament:1542";"Premier Division";1000;"sr:category:938";"Gibraltar";"other";1;"";"en-US";0;0
"sr:tournament:1544";"Super Cup";1000;"sr:category:297";"Azerbaijan";"other";0;"";"en-US";0;0
"sr:tournament:155";"Superliga";35;"sr:category:48";"Argentina";"am";1;"ARG";"en-US";1;0
"sr:tournament:1554";"Primavera Cup";104;"sr:category:31";"Italy";"other";1;"ITA";"en-US";1;0
"sr:tournament:15636";"China League 2";1000;"sr:category:99";"China";"other";0;"";"en-US";0;0
"sr:tournament:15644";"Copa Paulista";1000;"sr:category:13";"Brazil";"other";0;"";"en-US";0;0
"sr:tournament:1568";"U20 CONCACAF W, Ch.ship";1000;"sr:category:392";"International Youth";"intl";1;"";"en-US";0;1
"sr:tournament:1588";"Algerian Cup";1000;"sr:category:304";"Algeria";"other";1;"";"en-US";0;0
"sr:tournament:1592";"U23 Premier League Cup";1000;"sr:category:252";"England Amateur";"other";0;"";"en-US";0;0
"sr:tournament:1594";"U18 Valentin G. Mem Cup";1000;"sr:category:392";"International Youth";"other";1;"";"en-US";0;1
"sr:tournament:1596";"Copa do Nordeste";1000;"sr:category:13";"Brazil";"other";1;"";"en-US";0;0
"sr:tournament:1598";"Copa MX";1000;"sr:category:12";"Mexico";"other";1;"";"en-US";0;0
"sr:tournament:16";"World Cup";1;"sr:category:4";"International";"intl";1;"FFA";"en-US";1;1
"sr:tournament:1610";"U22 AFC Championship";1000;"sr:category:392";"International Youth";"intl";1;"";"en-US";0;1
"sr:tournament:1612";"U20 CONMEBOL, Women";1000;"sr:category:392";"International Youth";"intl";1;"";"en-US";0;1
"sr:tournament:1614";"Paulista, Serie A3";1000;"sr:category:13";"Brazil";"other";1;"";"en-US";0;0
"sr:tournament:1618";"Super Cup";1000;"sr:category:48";"Argentina";"other";1;"";"en-US";0;0
"sr:tournament:1620";"Winter Cup";1000;"sr:category:163";"Latvia";"other";0;"";"en-US";0;0
"sr:tournament:1622";"U21Com.w Ind. States Cup";1000;"sr:category:392";"International Youth";"intl";1;"";"en-US";0;1
"sr:tournament:1626";"NPL, Tasmania";1000;"sr:category:34";"Australia";"other";1;"";"en-US";0;0
"sr:tournament:1630";"Desert Diamond Cup";1000;"sr:category:26";"USA";"other";0;"";"en-US";0;0
"sr:tournament:1632";"FAI Presidents Cup";1000;"sr:category:51";"Ireland";"other";0;"";"en-US";0;0
"sr:tournament:1634";"Crown Prince Cup";1000;"sr:category:310";"Saudi Arabia";"other";0;"";"en-US";0;0
"sr:tournament:16356";"KingÂ´s Cup";1000;"sr:category:4";"International";"other";1;"";"en-US";0;1
"sr:tournament:16358";"U20 League";1000;"sr:category:12";"Mexico";"other";0;"";"en-US";0;0
"sr:tournament:1638";"NPL, Northern New South";1000;"sr:category:34";"Australia";"other";1;"";"en-US";0;0
"sr:tournament:1644";"Premier League";1000;"sr:category:805";"Kenya";"other";1;"";"en-US";0;0
"sr:tournament:1646";"Carolina Challenge Cup";1000;"sr:category:26";"USA";"other";0;"";"en-US";0;0
"sr:tournament:1648";"Torneo Del Inca";1000;"sr:category:20";"Peru";"other";0;"";"en-US";0;0
"sr:tournament:1654";"Philippines Footb. League";1000;"sr:category:847";"Philippines";"other";1;"";"en-US";0;0
"sr:tournament:166";"Regionalliga East";1000;"sr:category:97";"Austria Amateur";"other";1;"";"en-US";0;0
"sr:tournament:1662";"Naisten Liiga";1000;"sr:category:19";"Finland";"other";1;"";"en-US";0;0
"sr:tournament:16668";"Tournament of Nations, Women";1000;"sr:category:4";"International";"other";1;"";"en-US";0;1
"sr:tournament:167";"Regionalliga West";1000;"sr:category:97";"Austria Amateur";"other";1;"";"en-US";0;0
"sr:tournament:168";"Regionalliga Centre";1000;"sr:category:97";"Austria Amateur";"other";0;"";"en-US";0;0
"sr:tournament:1682";"Tunisian Cup";1000;"sr:category:378";"Tunisia";"other";1;"";"en-US";0;0
"sr:tournament:169";"Vysshaya Liga";1000;"sr:category:91";"Belarus";"other";0;"";"en-US";0;0
"sr:tournament:1690";"National Womens Soccer League";1000;"sr:category:26";"USA";"other";1;"";"en-US";0;0
"sr:tournament:16918";"Concacaf League";1000;"sr:category:393";"International Clubs";"other";1;"";"en-US";0;1
"sr:tournament:1692";"AFC Asian Cup, Women";75;"sr:category:4";"International";"intl";1;"AFC";"en-US";1;1
"sr:tournament:1696";"FA Cup, Qualification";84;"sr:category:1";"England";"other";1;"ENG";"en-US";1;0
"sr:tournament:17";"Premier League";17;"sr:category:1";"England";"eu";1;"ENG";"en-US";1;0
"sr:tournament:170";"1. HNL";1000;"sr:category:14";"Croatia";"other";0;"";"en-US";0;0
"sr:tournament:1702";"AFC Challenge Cup";65;"sr:category:4";"International";"intl";1;"AFC";"en-US";1;1
"sr:tournament:171";"1st Division";1000;"sr:category:102";"Cyprus";"other";1;"";"en-US";0;0
"sr:tournament:1710";"Serie D, Prom. Playoffs";1000;"sr:category:31";"Italy";"other";1;"";"en-US";0;0
"sr:tournament:172";"1. Liga";1000;"sr:category:18";"Czech Republic";"other";1;"";"en-US";0;0
"sr:tournament:1722";"Copa Suruga Bank";1000;"sr:category:393";"International Clubs";"other";1;"";"en-US";0;1
"sr:tournament:173";"National League";90;"sr:category:1";"England";"other";1;"ENG";"en-US";1;0
"sr:tournament:17314";"U21 1. Lig";1000;"sr:category:254";"Turkey Amateur";"other";0;"";"en-US";0;0
"sr:tournament:174";"National League South";1000;"sr:category:252";"England Amateur";"other";1;"";"en-US";0;0
"sr:tournament:17504";"Tercera Division, Playoffs";1000;"sr:category:421";"Spain Amateur";"other";0;"";"en-US";0;0
"sr:tournament:1754";"Supercopa MX";1000;"sr:category:12";"Mexico";"other";1;"";"en-US";0;0
"sr:tournament:176";"National League North";1000;"sr:category:252";"England Amateur";"other";1;"";"en-US";0;0
"sr:tournament:1772";"WK-League";1000;"sr:category:291";"Republic of Korea";"other";1;"";"en-US";0;0
"sr:tournament:1778";"Cupa Ligii";1000;"sr:category:77";"Romania";"other";0;"";"en-US";0;0
"sr:tournament:178";"Premium Liiga";1000;"sr:category:92";"Estonia";"other";1;"";"en-US";0;0
"sr:tournament:1782";"Reserve League";1000;"sr:category:22";"Scotland";"other";0;"";"en-US";0;0
"sr:tournament:1786";"FFA Cup";1000;"sr:category:34";"Australia";"other";1;"";"en-US";0;0
"sr:tournament:179";"Kakkonen, Group A";1000;"sr:category:19";"Finland";"other";1;"";"en-US";0;0
"sr:tournament:1790";"Honor Cup";1000;"sr:category:44";"Portugal";"other";0;"";"en-US";0;0
"sr:tournament:1794";"MLS All Star Game";1000;"sr:category:26";"USA";"other";0;"";"en-US";0;0
"sr:tournament:18";"Championship";85;"sr:category:1";"England";"other";1;"ENG";"en-US";1;0
"sr:tournament:180";"Kakkonen, Group B";1000;"sr:category:19";"Finland";"other";1;"";"en-US";0;0
"sr:tournament:1802";"U21 League";1000;"sr:category:78";"Bulgaria";"other";0;"";"en-US";0;0
"sr:tournament:1806";"U19 CEE Cup";1000;"sr:category:392";"International Youth";"other";1;"";"en-US";0;1
"sr:tournament:181";"Kakkonen, Group C";1000;"sr:category:19";"Finland";"other";1;"";"en-US";0;0
"sr:tournament:18188";"Ekstraliga, Women";1000;"sr:category:47";"Poland";"other";1;"";"en-US";0;0
"sr:tournament:182";"Ligue 2";112;"sr:category:7";"France";"other";1;"FRA";"en-US";1;0
"sr:tournament:18204";"1. Deild, Women";1000;"sr:category:10";"Iceland";"other";1;"";"en-US";0;0
"sr:tournament:1822";"Jordan Cup";1000;"sr:category:329";"Jordan";"other";0;"";"en-US";0;0
"sr:tournament:183";"National";111;"sr:category:7";"France";"other";1;"FRA";"en-US";1;0
"sr:tournament:18364";"Coupe de France, Women";1000;"sr:category:7";"France";"other";0;"";"en-US";0;0
"sr:tournament:184";"Hessenliga";1000;"sr:category:122";"Germany Amateur";"other";0;"";"en-US";0;0
"sr:tournament:1846";"U21 Ligi";1000;"sr:category:254";"Turkey Amateur";"other";0;"";"en-US";0;0
"sr:tournament:1848";"Africa Cup of Nations, Qualification";50;"sr:category:4";"International";"intl";1;"AFR";"en-US";1;1
"sr:tournament:185";"Super League 1";31;"sr:category:67";"Greece";"eu";1;"GRC";"en-US";1;0
"sr:tournament:1850";"U19 Friendly Games, Women";1000;"sr:category:392";"International Youth";"intl";1;"";"en-US";0;1
"sr:tournament:186";"Super League 2";1000;"sr:category:67";"Greece";"other";1;"";"en-US";0;0
"sr:tournament:1862";"Asian Games";1000;"sr:category:392";"International Youth";"intl";1;"";"en-US";0;1
"sr:tournament:1866";"Asian Games, Women";74;"sr:category:392";"International Youth";"intl";1;"AFC";"en-US";1;1
"sr:tournament:187";"NB I";1000;"sr:category:11";"Hungary";"other";1;"";"en-US";0;0
"sr:tournament:188";"Urvalsdeild";1000;"sr:category:10";"Iceland";"other";1;"";"en-US";0;0
"sr:tournament:1890";"U19 AFC Championship";1000;"sr:category:392";"International Youth";"intl";1;"";"en-US";0;1
"sr:tournament:1892";"Premier League";1000;"sr:category:502";"Jamaica";"other";1;"";"en-US";0;0
"sr:tournament:1894";"W-League";1000;"sr:category:34";"Australia";"other";1;"";"en-US";0;0
"sr:tournament:19";"FA Cup";83;"sr:category:1";"England";"other";1;"ENG";"en-US";1;0
"sr:tournament:190";"Oberliga Southwest";1000;"sr:category:122";"Germany Amateur";"other";0;"";"en-US";0;0
"sr:tournament:1900";"Indian Super League";1000;"sr:category:352";"India";"as";1;"";"en-US";0;0
"sr:tournament:1904";"FA League Cup";1000;"sr:category:847";"Philippines";"other";0;"";"en-US";0;0
"sr:tournament:1906";"National First Division";1000;"sr:category:322";"South Africa";"other";1;"";"en-US";0;0
"sr:tournament:1908";"Segunda Division";1000;"sr:category:57";"Uruguay";"other";1;"";"en-US";0;0
"sr:tournament:1910";"Supercoppa Primavera";105;"sr:category:31";"Italy";"other";1;"ITA";"en-US";1;0
"sr:tournament:192";"Premier Division";1000;"sr:category:51";"Ireland";"other";1;"";"en-US";0;0
"sr:tournament:19202";"Campionato Primavera 2";1000;"sr:category:31";"Italy";"other";0;"";"en-US";0;0
"sr:tournament:19224";"Division 1";1000;"sr:category:339";"Hong Kong, China";"other";1;"";"en-US";0;0
"sr:tournament:19226";"Premier League";1000;"sr:category:85";"Malaysia";"other";1;"";"en-US";0;0
"sr:tournament:19232";"Thai League 2";1000;"sr:category:485";"Thailand";"other";1;"";"en-US";0;0
"sr:tournament:19238";"Division 1";1000;"sr:category:299";"United Arab Emirates";"other";1;"";"en-US";0;0
"sr:tournament:1924";"Super Cup";1000;"sr:category:296";"Armenia";"other";1;"";"en-US";0;0
"sr:tournament:19242";"Primera Division";1000;"sr:category:389";"Nicaragua";"other";1;"";"en-US";0;0
"sr:tournament:19246";"1. League Women";1000;"sr:category:23";"Slovakia";"other";1;"";"en-US";0;0
"sr:tournament:19248";"National League";1000;"sr:category:790";"Myanmar";"other";1;"";"en-US";0;0
"sr:tournament:19252";"Pro League";1000;"sr:category:527";"Trinidad and Tobago";"other";1;"";"en-US";0;0
"sr:tournament:19264";"Chinese Super League, Women";1000;"sr:category:99";"China";"other";0;"";"en-US";0;0
"sr:tournament:19266";"Nb I, Women";1000;"sr:category:11";"Hungary";"other";1;"";"en-US";0;0
"sr:tournament:19274";"Campeonato Nacional, Women";1000;"sr:category:44";"Portugal";"other";0;"";"en-US";0;0
"sr:tournament:19276";"Cup, Women";1000;"sr:category:10";"Iceland";"other";0;"";"en-US";0;0
"sr:tournament:19282";"Copa Venezuela";1000;"sr:category:281";"Venezuela";"other";1;"";"en-US";0;0
"sr:tournament:193";"First Division";1000;"sr:category:51";"Ireland";"other";0;"";"en-US";0;0
"sr:tournament:1930";"Berlusconi Trophy";1000;"sr:category:393";"International Clubs";"other";1;"";"en-US";0;1
"sr:tournament:194";"League Cup";1000;"sr:category:51";"Ireland";"other";1;"";"en-US";0;0
"sr:tournament:19496";"Botola 2";1000;"sr:category:303";"Morocco";"other";1;"";"en-US";0;0
"sr:tournament:195";"FAI Cup";1000;"sr:category:51";"Ireland";"other";1;"";"en-US";0;0
"sr:tournament:1954";"CONCACAF Womens Ch.ship";71;"sr:category:4";"International";"intl";1;"CAF";"en-US";1;1
"sr:tournament:196";"J.League";23;"sr:category:52";"Japan";"as";1;"JPN";"en-US";1;0
"sr:tournament:197";"Virsliga";1000;"sr:category:163";"Latvia";"other";1;"";"en-US";0;0
"sr:tournament:19724";"2Nd Division";1000;"sr:category:351";"Bahrain";"other";1;"";"en-US";0;0
"sr:tournament:198";"A Lyga";1000;"sr:category:160";"Lithuania";"other";1;"";"en-US";0;0
"sr:tournament:19870";"Hazfi Cup";1000;"sr:category:301";"Iran";"other";1;"";"en-US";0;0
"sr:tournament:199";"1. MFL";1000;"sr:category:159";"North Macedonia";"other";0;"";"en-US";0;0
"sr:tournament:1991";"FA Trophy, Qualification";1000;"sr:category:252";"England Amateur";"other";1;"";"en-US";0;0
"sr:tournament:20";"Eliteserien";1000;"sr:category:5";"Norway";"other";1;"";"en-US";0;0
"sr:tournament:200";"Premiership";1000;"sr:category:130";"Northern Ireland";"other";1;"";"en-US";0;0
"sr:tournament:20096";"Super Cup";1000;"sr:category:390";"Ivory Coast";"other";0;"";"en-US";0;0
"sr:tournament:201";"Toppserien, Women";1000;"sr:category:5";"Norway";"other";1;"";"en-US";0;0
"sr:tournament:20162";"National Football League";1000;"sr:category:951";"Rwanda";"other";1;"";"en-US";0;0
"sr:tournament:20178";"Copa Libertadores, Women";1000;"sr:category:393";"International Clubs";"other";1;"";"en-US";0;1
"sr:tournament:202";"Ekstraklasa";1000;"sr:category:47";"Poland";"other";1;"";"en-US";0;0
"sr:tournament:20226";"Super League, Women";1000;"sr:category:67";"Greece";"other";0;"";"en-US";0;0
"sr:tournament:203";"Premier League";32;"sr:category:21";"Russia";"eu";1;"RUS";"en-US";1;0
"sr:tournament:2032";"Sultan Cup";1000;"sr:category:415";"Oman";"other";1;"";"en-US";0;0
"sr:tournament:204";"Football National League";1000;"sr:category:21";"Russia";"other";0;"";"en-US";0;0
"sr:tournament:2043";"U17 Conmebol Championship";1000;"sr:category:392";"International Youth";"intl";0;"";"en-US";0;1
"sr:tournament:20434";"WC Qu. Int-Conf. Playoff";1000;"sr:category:4";"International";"other";1;"";"en-US";0;1
"sr:tournament:205";"FNL";1000;"sr:category:18";"Czech Republic";"other";1;"";"en-US";0;0
"sr:tournament:2053";"Lebanon Cup";1000;"sr:category:428";"Lebanon";"other";1;"";"en-US";0;0
"sr:tournament:20574";"Premier League";1000;"sr:category:804";"Botswana";"other";1;"";"en-US";0;0
"sr:tournament:20578";"Ligue 2";1000;"sr:category:378";"Tunisia";"other";1;"";"en-US";0;0
"sr:tournament:206";"Championship";1000;"sr:category:22";"Scotland";"other";1;"";"en-US";0;0
"sr:tournament:207";"League One";1000;"sr:category:22";"Scotland";"other";1;"";"en-US";0;0
"sr:tournament:2075";"Egypt Cup";1000;"sr:category:305";"Egypt";"other";1;"";"en-US";0;0
"sr:tournament:20780";"Super Cup";1000;"sr:category:304";"Algeria";"other";0;"";"en-US";0;0
"sr:tournament:20782";"Division 2, Promotion Playoffs";1000;"sr:category:9";"Sweden";"other";0;"";"en-US";0;0
"sr:tournament:20808";"Serie A, Women";1000;"sr:category:31";"Italy";"other";1;"";"en-US";0;0
"sr:tournament:209";"League Two";1000;"sr:category:22";"Scotland";"other";1;"";"en-US";0;0
"sr:tournament:2090";"Premier League 1, Women";1000;"sr:category:22";"Scotland";"other";0;"";"en-US";0;0
"sr:tournament:2094";"J.league 3";1000;"sr:category:52";"Japan";"other";1;"";"en-US";0;0
"sr:tournament:21";"EFL Cup";87;"sr:category:1";"England";"other";1;"ENG";"en-US";1;0
"sr:tournament:210";"Superliga";1000;"sr:category:152";"Serbia";"other";1;"";"en-US";0;0
"sr:tournament:2104";"League Cup A";1000;"sr:category:10";"Iceland";"other";0;"";"en-US";0;0
"sr:tournament:2108";"U20 Africa Cup of Nations";1000;"sr:category:392";"International Youth";"intl";1;"";"en-US";0;1
"sr:tournament:211";"Superliga";1000;"sr:category:23";"Slovakia";"other";0;"";"en-US";0;0
"sr:tournament:2110";"Kings Cup";1000;"sr:category:310";"Saudi Arabia";"other";1;"";"en-US";0;0
"sr:tournament:2112";"Premier League";1000;"sr:category:532";"Nigeria";"other";1;"";"en-US";0;0
"sr:tournament:2114";"U17 Concacaf Championship";1000;"sr:category:392";"International Youth";"intl";1;"";"en-US";0;1
"sr:tournament:212";"PrvaLiga";1000;"sr:category:24";"Slovenia";"other";1;"";"en-US";0;0
"sr:tournament:213";"Super Cup";91;"sr:category:32";"Spain";"other";1;"ESP";"en-US";1;0
"sr:tournament:214";"Damallsvenskan";1000;"sr:category:9";"Sweden";"other";1;"";"en-US";0;0
"sr:tournament:2142";"Premier League";1000;"sr:category:812";"Zambia";"other";1;"";"en-US";0;0
"sr:tournament:215";"Super League";1000;"sr:category:25";"Switzerland";"other";1;"";"en-US";0;0
"sr:tournament:2152";"U23 AFC Championship, Qualification";1000;"sr:category:392";"International Youth";"other";0;"";"en-US";0;1
"sr:tournament:216";"Challenge League";1000;"sr:category:25";"Switzerland";"other";1;"";"en-US";0;0
"sr:tournament:2161";"COSAFA Cup";60;"sr:category:4";"International";"intl";1;"";"en-US";1;1
"sr:tournament:217";"DFB Pokal";97;"sr:category:30";"Germany";"other";1;"DEU";"en-US";1;0
"sr:tournament:2171";"Girabola";1000;"sr:category:500";"Angola";"other";1;"";"en-US";0;0
"sr:tournament:2177";"FA Cup";1000;"sr:category:542";"Ghana";"other";0;"";"en-US";0;0
"sr:tournament:218";"Premier League";33;"sr:category:86";"Ukraine";"eu";1;"UKR";"en-US";1;0
"sr:tournament:2183";"Toulon Tournament";1000;"sr:category:392";"International Youth";"intl";1;"";"en-US";0;1
"sr:tournament:219";"Super Cup";1000;"sr:category:86";"Ukraine";"other";1;"";"en-US";0;0
"sr:tournament:2191";"U19 AFC Championship, Women";1000;"sr:category:392";"International Youth";"intl";0;"";"en-US";0;1
"sr:tournament:22";"1st Division";1000;"sr:category:5";"Norway";"other";1;"";"en-US";0;0
"sr:tournament:220";"Suomen Cup";1000;"sr:category:19";"Finland";"other";0;"";"en-US";0;0
"sr:tournament:222";"Premijer Liga";1000;"sr:category:158";"Bosnia & Herzegovina";"other";1;"";"en-US";0;0
"sr:tournament:224";"2. Liga";1000;"sr:category:23";"Slovakia";"other";0;"";"en-US";0;0
"sr:tournament:2242";"Super Cup";1000;"sr:category:66";"Israel";"other";1;"";"en-US";0;0
"sr:tournament:2244";"Trofeo de Campeon de Campeones";1000;"sr:category:12";"Mexico";"other";0;"";"en-US";0;0
"sr:tournament:2268";"Super League, Women";1000;"sr:category:33";"Belgium";"other";1;"";"en-US";0;0
"sr:tournament:2270";"Eredivisie, Women";1000;"sr:category:35";"Netherlands";"other";1;"";"en-US";0;0
"sr:tournament:2276";"Joan Gamper Trophy";1000;"sr:category:393";"International Clubs";"other";0;"";"en-US";0;1
"sr:tournament:229";"I Liga";1000;"sr:category:47";"Poland";"other";1;"";"en-US";0;0
"sr:tournament:2296";"Super Cup";1000;"sr:category:310";"Saudi Arabia";"other";0;"";"en-US";0;0
"sr:tournament:2298";"Division 1";1000;"sr:category:310";"Saudi Arabia";"other";1;"";"en-US";0;0
"sr:tournament:23";"Serie A";20;"sr:category:31";"Italy";"eu";1;"ITA";"en-US";1;0
"sr:tournament:2306";"Super Cup";1000;"sr:category:299";"United Arab Emirates";"other";1;"";"en-US";0;0
"sr:tournament:231";"Primera Division";1000;"sr:category:281";"Venezuela";"other";1;"";"en-US";0;0
"sr:tournament:232";"Women Bundesliga";1000;"sr:category:122";"Germany Amateur";"other";1;"";"en-US";0;0
"sr:tournament:2322";"2. Bundesliga, Women";1000;"sr:category:122";"Germany Amateur";"other";0;"";"en-US";0;0
"sr:tournament:2324";"UEFA Youth League";27;"sr:category:392";"International Youth";"eu";1;"UFA";"en-US";1;1
"sr:tournament:2330";"Serie D";102;"sr:category:31";"Italy";"other";1;"ITA";"en-US";1;0
"sr:tournament:2332";"African Games";1000;"sr:category:392";"International Youth";"intl";1;"";"en-US";0;1
"sr:tournament:2340";"Campionato Primavera 1";107;"sr:category:31";"Italy";"other";1;"ITA";"en-US";1;0
"sr:tournament:2342";"West Bank League";1000;"sr:category:540";"Palestine";"other";0;"";"en-US";0;0
"sr:tournament:2344";"Gaza Strip Premier League";1000;"sr:category:540";"Palestine";"other";0;"";"en-US";0;0
"sr:tournament:23455";"Super Liga Aguila Cup";1000;"sr:category:274";"Colombia";"other";0;"";"en-US";0;0
"sr:tournament:23479";"Premier Soccer League";1000;"sr:category:815";"Zimbabwe";"other";1;"";"en-US";0;0
"sr:tournament:23517";"U20 Copa Sao Paulo de Juniores";1000;"sr:category:13";"Brazil";"other";0;"";"en-US";0;0
"sr:tournament:23551";"Azadegan League";1000;"sr:category:301";"Iran";"other";1;"";"en-US";0;0
"sr:tournament:2374";"U23 Waff Championship";1000;"sr:category:392";"International Youth";"intl";0;"";"en-US";0;1
"sr:tournament:23745";"FA Cup";1000;"sr:category:85";"Malaysia";"other";1;"";"en-US";0;0
"sr:tournament:23751";"First Division, Women";1000;"sr:category:134";"Malta";"other";1;"";"en-US";0;0
"sr:tournament:23755";"UEFA Nations League";13;"sr:category:4";"International";"eu";1;"UFA";"en-US";1;1
"sr:tournament:2376";"Super Cup";1000;"sr:category:428";"Lebanon";"other";1;"";"en-US";0;0
"sr:tournament:23785";"Premier League";1000;"sr:category:898";"Congo";"other";1;"";"en-US";0;0
"sr:tournament:23795";"Beker van Belgie, Women";1000;"sr:category:33";"Belgium";"other";1;"";"en-US";0;0
"sr:tournament:238";"Primeira Liga";34;"sr:category:44";"Portugal";"eu";1;"PRT";"en-US";1;0
"sr:tournament:23803";"Atlantic Cup";1000;"sr:category:393";"International Clubs";"other";1;"";"en-US";0;1
"sr:tournament:2386";"Premier League";1000;"sr:category:428";"Lebanon";"other";1;"";"en-US";0;0
"sr:tournament:239";"Segunda Liga";1000;"sr:category:44";"Portugal";"other";1;"";"en-US";0;0
"sr:tournament:24";"League One";88;"sr:category:1";"England";"other";1;"ENG";"en-US";1;0
"sr:tournament:240";"Serie A";1000;"sr:category:165";"Ecuador";"other";1;"";"en-US";0;0
"sr:tournament:24073";"Jordan 1st Division";1000;"sr:category:329";"Jordan";"other";1;"";"en-US";0;0
"sr:tournament:24197";"Indian Super Cup";1000;"sr:category:352";"India";"other";0;"";"en-US";0;0
"sr:tournament:242";"Major League Soccer";38;"sr:category:26";"USA";"am";1;"USA";"en-US";1;0
"sr:tournament:2430";"U23 AFC Championship";1000;"sr:category:392";"International Youth";"intl";0;"";"en-US";0;1
"sr:tournament:24359";"Maranhense";1000;"sr:category:13";"Brazil";"other";0;"";"en-US";0;0
"sr:tournament:2436";"Premier League";1000;"sr:category:803";"Tanzania";"other";1;"";"en-US";0;0
"sr:tournament:2438";"SAFF Championship";58;"sr:category:4";"International";"intl";1;"AFC";"en-US";1;1
"sr:tournament:244";"Primera Division";39;"sr:category:49";"Chile";"am";1;"CHL";"en-US";1;0
"sr:tournament:246";"AFC Asian Cup";62;"sr:category:4";"International";"intl";1;"AFC";"en-US";1;1
"sr:tournament:2462";"King of Bahrain Cup";1000;"sr:category:351";"Bahrain";"other";1;"";"en-US";0;0
"sr:tournament:24636";"2Nd Division Group 2";1000;"sr:category:5";"Norway";"other";1;"";"en-US";0;0
"sr:tournament:24638";"2Nd Division Group 1";1000;"sr:category:5";"Norway";"other";1;"";"en-US";0;0
"sr:tournament:24640";"2Nd Division Playoffs";1000;"sr:category:5";"Norway";"other";0;"";"en-US";0;0
"sr:tournament:24642";"3Rd Division Group 1";1000;"sr:category:5";"Norway";"other";0;"";"en-US";0;0
"sr:tournament:24644";"3Rd Division Group 2";1000;"sr:category:5";"Norway";"other";0;"";"en-US";0;0
"sr:tournament:24646";"3Rd Division Group 3";1000;"sr:category:5";"Norway";"other";0;"";"en-US";0;0
"sr:tournament:24648";"3Rd Division Group 4";1000;"sr:category:5";"Norway";"other";0;"";"en-US";0;0
"sr:tournament:24650";"3Rd Division Group 5";1000;"sr:category:5";"Norway";"other";0;"";"en-US";0;0
"sr:tournament:24652";"3Rd Division Group 6";1000;"sr:category:5";"Norway";"other";0;"";"en-US";0;0
"sr:tournament:24654";"2Nd Division Group 3";1000;"sr:category:5";"Norway";"other";0;"";"en-US";0;0
"sr:tournament:24656";"2Nd Division Group 4";1000;"sr:category:5";"Norway";"other";0;"";"en-US";0;0
"sr:tournament:24662";"Regionalliga Playoffs";1000;"sr:category:122";"Germany Amateur";"other";0;"";"en-US";0;0
"sr:tournament:2468";"Primeira Liga Do Brasil";1000;"sr:category:13";"Brazil";"other";0;"";"en-US";0;0
"sr:tournament:247";"First Professional League";1000;"sr:category:78";"Bulgaria";"other";1;"";"en-US";0;0
"sr:tournament:24702";"A-Junioren-Bundesliga, Playoffs";1000;"sr:category:122";"Germany Amateur";"other";0;"";"en-US";0;0
"sr:tournament:24864";"Copa de SM La Reina";1000;"sr:category:32";"Spain";"other";0;"";"en-US";0;0
"sr:tournament:2494";"Concacaf Olympic Qualifications, Women";76;"sr:category:4";"International";"intl";1;"CAF";"en-US";1;1
"sr:tournament:2496";"UEFA Olympic Qualifications, Women";77;"sr:category:4";"International";"intl";1;"UFA";"en-US";1;1
"sr:tournament:24990";"Intercontinental Cup";1000;"sr:category:4";"International";"other";1;"";"en-US";0;1
"sr:tournament:25";"League Two";89;"sr:category:1";"England";"other";1;"ENG";"en-US";1;0
"sr:tournament:2505";"Shebelieves Cup, Women";78;"sr:category:4";"International";"intl";1;"";"en-US";1;1
"sr:tournament:2511";"FA Super Cup";1000;"sr:category:99";"China";"other";0;"";"en-US";0;0
"sr:tournament:2513";"Presidents Cup";1000;"sr:category:299";"United Arab Emirates";"other";0;"";"en-US";0;0
"sr:tournament:2515";"AFC Olympic Qualification, Women";73;"sr:category:4";"International";"intl";1;"AFC";"en-US";1;1
"sr:tournament:2529";"Nadeshiko League, Div. 1, Women";1000;"sr:category:52";"Japan";"other";0;"";"en-US";0;0
"sr:tournament:2531";"Concacaf/Conmebol Olympic Qualifying";1000;"sr:category:392";"International Youth";"other";1;"";"en-US";0;1
"sr:tournament:2537";"Vietnam Cup";1000;"sr:category:366";"Vietnam";"other";1;"";"en-US";0;0
"sr:tournament:2539";"U19";1000;"sr:category:155";"Sweden Amateur";"other";0;"";"en-US";0;0
"sr:tournament:254";"Cymru Premier";1000;"sr:category:131";"Wales";"other";0;"";"en-US";0;0
"sr:tournament:25615";"U18 Clj";1000;"sr:category:47";"Poland";"other";0;"";"en-US";0;0
"sr:tournament:25669";"International Champions Cup, Women";1000;"sr:category:393";"International Clubs";"other";1;"";"en-US";0;1
"sr:tournament:25729";"Central American And Caribbean Games, Women";1000;"sr:category:4";"International";"other";1;"";"en-US";0;1
"sr:tournament:25731";"Central American And Caribbean Games";1000;"sr:category:392";"International Youth";"other";0;"";"en-US";0;1
"sr:tournament:258";"U19 European Ch.ship";1000;"sr:category:392";"International Youth";"intl";1;"";"en-US";0;1
"sr:tournament:25835";"III Liga, Group 1";1000;"sr:category:47";"Poland";"other";0;"";"en-US";0;0
"sr:tournament:25837";"III Liga, Group 2";1000;"sr:category:47";"Poland";"other";0;"";"en-US";0;0
"sr:tournament:25839";"III Liga, Group 3";1000;"sr:category:47";"Poland";"other";0;"";"en-US";0;0
"sr:tournament:25841";"III Liga, Group 4";1000;"sr:category:47";"Poland";"other";0;"";"en-US";0;0
"sr:tournament:25867";"Super 8";1000;"sr:category:824";"Uganda";"other";1;"";"en-US";0;0
"sr:tournament:26";"U21 Euro Qualification";1000;"sr:category:392";"International Youth";"intl";1;"";"en-US";0;1
"sr:tournament:26006";"Asian Games, Women";1000;"sr:category:4";"International";"other";1;"";"en-US";0;1
"sr:tournament:26018";"Tercera Division, Group 1";1000;"sr:category:421";"Spain Amateur";"other";0;"";"en-US";0;0
"sr:tournament:26020";"Tercera Division, Group 2";1000;"sr:category:421";"Spain Amateur";"other";0;"";"en-US";0;0
"sr:tournament:26022";"Tercera Division, Group 3";1000;"sr:category:421";"Spain Amateur";"other";0;"";"en-US";0;0
"sr:tournament:26024";"Tercera Division, Group 4";1000;"sr:category:421";"Spain Amateur";"other";0;"";"en-US";0;0
"sr:tournament:26026";"Tercera Division, Group 5";1000;"sr:category:421";"Spain Amateur";"other";0;"";"en-US";0;0
"sr:tournament:26028";"Tercera Division, Group 6";1000;"sr:category:421";"Spain Amateur";"other";0;"";"en-US";0;0
"sr:tournament:26030";"Tercera Division, Group 7";1000;"sr:category:421";"Spain Amateur";"other";0;"";"en-US";0;0
"sr:tournament:26032";"Tercera Division, Group 8";1000;"sr:category:421";"Spain Amateur";"other";0;"";"en-US";0;0
"sr:tournament:26034";"Tercera Division, Group 9";1000;"sr:category:421";"Spain Amateur";"other";0;"";"en-US";0;0
"sr:tournament:26036";"Tercera Division, Group 10";1000;"sr:category:421";"Spain Amateur";"other";0;"";"en-US";0;0
"sr:tournament:26038";"Tercera Division, Group 11";1000;"sr:category:421";"Spain Amateur";"other";0;"";"en-US";0;0
"sr:tournament:26040";"Tercera Division, Group 12";1000;"sr:category:421";"Spain Amateur";"other";0;"";"en-US";0;0
"sr:tournament:26042";"Tercera Division, Group 13";1000;"sr:category:421";"Spain Amateur";"other";0;"";"en-US";0;0
"sr:tournament:26044";"Tercera Division, Group 14";1000;"sr:category:421";"Spain Amateur";"other";0;"";"en-US";0;0
"sr:tournament:26046";"Tercera Division, Group 15";1000;"sr:category:421";"Spain Amateur";"other";0;"";"en-US";0;0
"sr:tournament:26048";"Tercera Division, Group 16";1000;"sr:category:421";"Spain Amateur";"other";0;"";"en-US";0;0
"sr:tournament:26050";"Tercera Division, Group 17";1000;"sr:category:421";"Spain Amateur";"other";0;"";"en-US";0;0
"sr:tournament:26052";"Tercera Division, Group 18";1000;"sr:category:421";"Spain Amateur";"other";0;"";"en-US";0;0
"sr:tournament:26056";"Southern Football League,Premier Division Central";1000;"sr:category:252";"England Amateur";"other";0;"";"en-US";0;0
"sr:tournament:26058";"Southern Football League, Premier Division South";1000;"sr:category:252";"England Amateur";"other";1;"";"en-US";0;0
"sr:tournament:26080";"U23 Championship";1000;"sr:category:44";"Portugal";"other";0;"";"en-US";0;0
"sr:tournament:26174";"Primera C";1000;"sr:category:48";"Argentina";"other";1;"";"en-US";0;0
"sr:tournament:26248";"Reserve League";1000;"sr:category:22";"Scotland";"other";0;"";"en-US";0;0
"sr:tournament:26276";"Championnat National U19";1000;"sr:category:7";"France";"other";0;"";"en-US";0;0
"sr:tournament:26278";"Tweede Divisie";1000;"sr:category:35";"Netherlands";"other";1;"";"en-US";0;0
"sr:tournament:26280";"Dfb-Pokal Junioren";1000;"sr:category:122";"Germany Amateur";"other";0;"";"en-US";0;0
"sr:tournament:26384";"U19 Super League";1000;"sr:category:67";"Greece";"other";1;"";"en-US";0;0
"sr:tournament:26386";"3. Lig, Group 1";1000;"sr:category:254";"Turkey Amateur";"other";1;"";"en-US";0;0
"sr:tournament:26388";"3. Lig, Group 2";1000;"sr:category:254";"Turkey Amateur";"other";1;"";"en-US";0;0
"sr:tournament:26390";"3. Lig, Group 3";1000;"sr:category:254";"Turkey Amateur";"other";1;"";"en-US";0;0
"sr:tournament:26552";"Campeones Cup";1000;"sr:category:393";"International Clubs";"other";0;"";"en-US";0;1
"sr:tournament:26554";"Serie C, Group A";1000;"sr:category:31";"Italy";"other";1;"";"en-US";0;0
"sr:tournament:26556";"Serie C, Group B";1000;"sr:category:31";"Italy";"other";1;"";"en-US";0;0
"sr:tournament:26558";"Serie C, Group C";1000;"sr:category:31";"Italy";"other";1;"";"en-US";0;0
"sr:tournament:26560";"Serie C,  Promotion Playoffs";1000;"sr:category:31";"Italy";"other";0;"";"en-US";0;0
"sr:tournament:266";"Premier League";1000;"sr:category:66";"Israel";"other";1;"";"en-US";0;0
"sr:tournament:26714";"3rd League, Group 8";1000;"sr:category:67";"Greece";"other";0;"";"en-US";0;0
"sr:tournament:26716";"3rd League, Group 7";1000;"sr:category:67";"Greece";"other";0;"";"en-US";0;0
"sr:tournament:26718";"3rd League, Group 6";1000;"sr:category:67";"Greece";"other";0;"";"en-US";0;0
"sr:tournament:26720";"3rd League, Group 5";1000;"sr:category:67";"Greece";"other";0;"";"en-US";0;0
"sr:tournament:26722";"3rd League, Group 4";1000;"sr:category:67";"Greece";"other";0;"";"en-US";0;0
"sr:tournament:26724";"3rd League, Group 3";1000;"sr:category:67";"Greece";"other";0;"";"en-US";0;0
"sr:tournament:26726";"3rd League, Group 2";1000;"sr:category:67";"Greece";"other";0;"";"en-US";0;0
"sr:tournament:26728";"3rd League, Playoff stage";1000;"sr:category:67";"Greece";"other";0;"";"en-US";0;0
"sr:tournament:269";"Liga Kupa";1000;"sr:category:11";"Hungary";"other";0;"";"en-US";0;0
"sr:tournament:26910";"Kakkonen Playoffs";1000;"sr:category:19";"Finland";"other";0;"";"en-US";0;0
"sr:tournament:27";"European Championship Qualification";10;"sr:category:4";"International";"intl";1;"UFA";"en-US";1;1
"sr:tournament:270";"Africa Cup of Nations";49;"sr:category:4";"International";"intl";1;"AFR";"en-US";1;1
"sr:tournament:27070";"Primera A, Apertura";36;"sr:category:274";"Colombia";"am";1;"COL";"en-US";1;0
"sr:tournament:27072";"Primera A, Clausura";37;"sr:category:274";"Colombia";"am";1;"COL";"en-US";1;0
"sr:tournament:27088";"Primera Division, Apertura";1000;"sr:category:367";"El Salvador";"other";1;"";"en-US";0;0
"sr:tournament:27090";"Primera Division, Clausura";1000;"sr:category:367";"El Salvador";"other";1;"";"en-US";0;0
"sr:tournament:27092";"Primera Division, Apertura";1000;"sr:category:289";"Costa Rica";"other";1;"";"en-US";0;0
"sr:tournament:27094";"Primera Division, Clausura";1000;"sr:category:289";"Costa Rica";"other";1;"";"en-US";0;0
"sr:tournament:27098";"Primera Division, Apertura";1000;"sr:category:280";"Paraguay";"other";1;"";"en-US";0;0
"sr:tournament:27100";"Primera Division, Clausura";1000;"sr:category:280";"Paraguay";"other";1;"";"en-US";0;0
"sr:tournament:27102";"Liga Panamena de Futbol, Apertura";1000;"sr:category:526";"Panama";"other";1;"";"en-US";0;0
"sr:tournament:27104";"Liga Panamena de Futbol, Clausura";1000;"sr:category:526";"Panama";"other";1;"";"en-US";0;0
"sr:tournament:27214";"Primera Division Reserve, Apertura";1000;"sr:category:280";"Paraguay";"other";1;"";"en-US";0;0
"sr:tournament:27216";"Primera Division Reserve, Clausura";1000;"sr:category:280";"Paraguay";"other";1;"";"en-US";0;0
"sr:tournament:27252";"Reserve Division";1000;"sr:category:339";"Hong Kong, China";"other";0;"";"en-US";0;0
"sr:tournament:27362";"World Cup Qualification, Women, Inter-Confederation Playoffs";1000;"sr:category:4";"International";"other";1;"";"en-US";0;1
"sr:tournament:27382";"Liga de Ascenso, Apertura";1000;"sr:category:12";"Mexico";"other";1;"";"en-US";0;0
"sr:tournament:27384";"Liga de Ascenso, Clausura";1000;"sr:category:12";"Mexico";"other";1;"";"en-US";0;0
"sr:tournament:27396";"Liga Nacional. Apertura";1000;"sr:category:365";"Guatemala";"other";1;"";"en-US";0;0
"sr:tournament:27398";"Liga Nacional. Clausura";1000;"sr:category:365";"Guatemala";"other";1;"";"en-US";0;0
"sr:tournament:27412";"Division 1, Relegation/Promotion";1000;"sr:category:9";"Sweden";"other";0;"";"en-US";0;0
"sr:tournament:27414";"Liga Nacional. Apertura";1000;"sr:category:437";"Honduras";"other";1;"";"en-US";0;0
"sr:tournament:27416";"Liga Nacional. Clausura";1000;"sr:category:437";"Honduras";"other";1;"";"en-US";0;0
"sr:tournament:27420";"Concacaf Nations League A";1000;"sr:category:4";"International";"other";1;"";"en-US";0;1
"sr:tournament:27462";"Copa Federacion";1000;"sr:category:32";"Spain";"other";0;"";"en-US";0;0
"sr:tournament:27464";"Primera Division, Apertura";42;"sr:category:12";"Mexico";"am";1;"MEX";"en-US";1;0
"sr:tournament:27466";"Primera Division, Clausura";43;"sr:category:12";"Mexico";"am";1;"MEX";"en-US";1;0
"sr:tournament:27518";"Primera Divison, Apertura";1000;"sr:category:49";"Chile";"am";0;"";"en-US";0;0
"sr:tournament:27520";"Primera Divison, Clausura";1000;"sr:category:49";"Chile";"am";0;"";"en-US";0;0
"sr:tournament:27524";"U20 Copa Internacional Ipiranga";1000;"sr:category:13";"Brazil";"other";0;"";"en-US";0;0
"sr:tournament:27633";"Y-League";10000;"other";"Australia";"sr:category:34";0;"";"en-US";0;0
"sr:tournament:27659";"FA Womens League Cup";1000;"sr:category:252";"England Amateur";"other";1;"";"en-US";0;0
"sr:tournament:27665";"Primera Division";1000;"sr:category:49";"Chile";"am";0;"";"en-US";0;0
"sr:tournament:27725";"FA Cup, Women";1000;"sr:category:252";"England Amateur";"other";1;"";"en-US";0;0
"sr:tournament:27739";"Potiguar, 1St Phase";1000;"sr:category:13";"Brazil";"other";0;"";"en-US";0;0
"sr:tournament:27741";"Potiguar, 2Nd Phase";1000;"sr:category:13";"Brazil";"other";0;"";"en-US";0;0
"sr:tournament:27747";"Mato-Grossense";1000;"sr:category:13";"Brazil";"other";0;"";"en-US";0;0
"sr:tournament:27749";"Paraense";1000;"sr:category:13";"Brazil";"other";0;"";"en-US";0;0
"sr:tournament:27765";"Liga de Ascenso, Clausura";1000;"sr:category:289";"Costa Rica";"other";1;"";"en-US";0;0
"sr:tournament:27767";"Liga de Ascenso, Apertura";1000;"sr:category:289";"Costa Rica";"other";1;"";"en-US";0;0
"sr:tournament:27799";"Four Nations Tournament Women";1000;"sr:category:4";"International";"other";1;"";"en-US";0;1
"sr:tournament:278";"Primera Division";40;"sr:category:57";"Uruguay";"am";1;"URY";"en-US";1;0
"sr:tournament:27811";"Sul-Mato-Grossense";1000;"sr:category:13";"Brazil";"other";0;"";"en-US";0;0
"sr:tournament:27819";"Piauiense";1000;"sr:category:13";"Brazil";"other";0;"";"en-US";0;0
"sr:tournament:27821";"Premier League";1000;"sr:category:469";"Bangladesh";"other";1;"";"en-US";0;0
"sr:tournament:27851";"Brasiliense";1000;"sr:category:13";"Brazil";"other";0;"";"en-US";0;0
"sr:tournament:27869";"Division Profesional, Apertura";1000;"sr:category:379";"Bolivia";"other";1;"";"en-US";0;0
"sr:tournament:27871";"Division Profesional, Clausura";1000;"sr:category:379";"Bolivia";"other";1;"";"en-US";0;0
"sr:tournament:279";"U17 World Cup";1000;"sr:category:392";"International Youth";"intl";1;"";"en-US";0;1
"sr:tournament:27983";"Amazonense";1000;"sr:category:13";"Brazil";"other";0;"";"en-US";0;0
"sr:tournament:27999";"Super Cup";1000;"sr:category:57";"Uruguay";"other";1;"";"en-US";0;0
"sr:tournament:28";"AFC Asian Cup QF";63;"sr:category:4";"International";"intl";1;"AFC";"en-US";1;1
"sr:tournament:28049";"League Cup A, Women";1000;"sr:category:10";"Iceland";"other";0;"";"en-US";0;0
"sr:tournament:28059";"West Bank Cup";1000;"sr:category:540";"Palestine";"other";0;"";"en-US";0;0
"sr:tournament:28097";"Potiguar, Grand Final";1000;"sr:category:13";"Brazil";"other";0;"";"en-US";0;0
"sr:tournament:281";"Puchar Polski";1000;"sr:category:47";"Poland";"other";0;"";"en-US";0;0
"sr:tournament:28127";"Coppa Italia, Women";1000;"sr:category:31";"Italy";"other";0;"";"en-US";0;0
"sr:tournament:28163";"Usl Championship";1000;"sr:category:26";"USA";"other";1;"";"en-US";0;0
"sr:tournament:28165";"Usl League One";1000;"sr:category:26";"USA";"other";1;"";"en-US";0;0
"sr:tournament:282";"Cup";1000;"sr:category:18";"Czech Republic";"other";1;"";"en-US";0;0
"sr:tournament:283";"Football League 2, Gr 1";1000;"sr:category:67";"Greece";"other";0;"";"en-US";0;0
"sr:tournament:28345";"Viareggio Cup, Women";1000;"sr:category:392";"International Youth";"other";0;"";"en-US";0;1
"sr:tournament:28424";"National Premier Soccer League";1000;"sr:category:26";"USA";"other";0;"";"en-US";0;0
"sr:tournament:28432";"Canadian Premier League";1000;"sr:category:388";"Canada";"other";1;"";"en-US";0;0
"sr:tournament:28472";"Gaza Strip Cup";1000;"sr:category:540";"Palestine";"other";0;"";"en-US";0;0
"sr:tournament:28538";"Copa de La Superliga";1000;"sr:category:48";"Argentina";"other";1;"";"en-US";0;0
"sr:tournament:28621";"Super Cup, Women";1000;"sr:category:10";"Iceland";"other";0;"";"en-US";0;0
"sr:tournament:28671";"U23 Africa Cup of Nations";10000;"other";"";"sr:category:392";1;"";"en-US";0;1
"sr:tournament:28673";"Southern Football League, Championship Playoff";1000;"sr:category:252";"England Amateur";"other";1;"";"en-US";0;0
"sr:tournament:28735";"U23 Taca RevelaÃ§Ã£o";1000;"sr:category:44";"Portugal";"other";0;"";"en-US";0;0
"sr:tournament:28743";"Usl League Two";1000;"sr:category:26";"USA";"other";0;"";"en-US";0;0
"sr:tournament:28837";"Serie C,  Relegation Playoffs";1000;"sr:category:31";"Italy";"other";0;"";"en-US";0;0
"sr:tournament:28879";"3. Deild";1000;"sr:category:10";"Iceland";"other";0;"";"en-US";0;0
"sr:tournament:28953";"Liga Mx, Women, Apertura";1000;"sr:category:12";"Mexico";"other";1;"";"en-US";0;0
"sr:tournament:28955";"Liga Mx, Women, Clausura";1000;"sr:category:12";"Mexico";"other";1;"";"en-US";0;0
"sr:tournament:29";"NM Cup";1000;"sr:category:5";"Norway";"other";1;"";"en-US";0;0
"sr:tournament:290";"World Cup, Women";69;"sr:category:4";"International";"intl";1;"WFI";"en-US";1;1
"sr:tournament:29003";"Copa Paraguay";1000;"sr:category:280";"Paraguay";"other";1;"";"en-US";0;0
"sr:tournament:29021";"League Cup";1000;"sr:category:385";"Uzbekistan";"other";1;"";"en-US";0;0
"sr:tournament:291";"Slovenia Cup";1000;"sr:category:24";"Slovenia";"other";1;"";"en-US";0;0
"sr:tournament:29109";"Czech-Slovak Supercup";1000;"sr:category:393";"International Clubs";"other";1;"";"en-US";0;1
"sr:tournament:29118";"Amapaense";1000;"sr:category:13";"Brazil";"other";0;"";"en-US";0;0
"sr:tournament:29208";"Copa Ecuador";1000;"sr:category:165";"Ecuador";"other";1;"";"en-US";0;0
"sr:tournament:29238";"Copa Bicentenario";1000;"sr:category:20";"Peru";"other";1;"";"en-US";0;0
"sr:tournament:29242";"Cymru Championship South";1000;"sr:category:131";"Wales";"other";0;"";"en-US";0;0
"sr:tournament:29244";"Cymru Championship, North";1000;"sr:category:131";"Wales";"other";0;"";"en-US";0;0
"sr:tournament:29276";"Npsl Members Cup";1000;"sr:category:26";"USA";"other";0;"";"en-US";0;0
"sr:tournament:29398";"Pan American Games, Women";1000;"sr:category:4";"International";"other";1;"";"en-US";0;1
"sr:tournament:29466";"Copa Premier Centroamericana";1000;"sr:category:393";"International Clubs";"other";0;"";"en-US";0;1
"sr:tournament:29468";"Black Label Cup";1000;"sr:category:322";"South Africa";"other";0;"";"en-US";0;0
"sr:tournament:29472";"Leagues Cup";1000;"sr:category:393";"International Clubs";"other";0;"";"en-US";0;1
"sr:tournament:29492";"Pan American Games";1000;"sr:category:4";"International";"other";1;"";"en-US";0;1
"sr:tournament:295";"WC Qual, CONMEBOL";5;"sr:category:4";"International";"intl";1;"FFA";"en-US";1;1
"sr:tournament:29682";"Regionalliga Tirol";1000;"sr:category:97";"Austria Amateur";"other";0;"";"en-US";0;0
"sr:tournament:29684";"Eliteliga Voralberg";1000;"sr:category:97";"Austria Amateur";"other";0;"";"en-US";0;0
"sr:tournament:29842";"Professional Development League";1000;"sr:category:252";"England Amateur";"other";0;"";"en-US";0;0
"sr:tournament:29912";"U19 Lig, Elit A";1000;"sr:category:254";"Turkey Amateur";"other";0;"";"en-US";0;0
"sr:tournament:29914";"U19 Lig, Elit B";1000;"sr:category:254";"Turkey Amateur";"other";0;"";"en-US";0;0
"sr:tournament:29918";"Nla, Women";1000;"sr:category:25";"Switzerland";"other";0;"";"en-US";0;0
"sr:tournament:30014";"Arab Club Champions Cup";1000;"sr:category:393";"International Clubs";"other";1;"";"en-US";0;1
"sr:tournament:301";"Football League 2, Gr 2";1000;"sr:category:67";"Greece";"other";0;"";"en-US";0;0
"sr:tournament:30106";"Torneo Federal A";1000;"sr:category:48";"Argentina";"other";1;"";"en-US";0;0
"sr:tournament:30152";"Federation Cup";1000;"sr:category:351";"Bahrain";"other";0;"";"en-US";0;0
"sr:tournament:30154";"Football League";1000;"sr:category:67";"Greece";"other";1;"";"en-US";0;0
"sr:tournament:30254";"Primera D Metropolitana";1000;"sr:category:48";"Argentina";"other";1;"";"en-US";0;0
"sr:tournament:303";"Slovensky Pohar";1000;"sr:category:23";"Slovakia";"other";0;"";"en-US";0;0
"sr:tournament:30494";"Concacaf Nations League B";1000;"sr:category:4";"International";"other";1;"";"en-US";0;1
"sr:tournament:30496";"Concacaf Nations League C";1000;"sr:category:4";"International";"other";1;"";"en-US";0;1
"sr:tournament:305";"Magyar Kupa";1000;"sr:category:11";"Hungary";"other";0;"";"en-US";0;0
"sr:tournament:307";"Croatian Cup";1000;"sr:category:14";"Croatia";"other";0;"";"en-US";0;0
"sr:tournament:308";"WC Qualification, AFC";6;"sr:category:4";"International";"intl";1;"FFA";"en-US";1;1
"sr:tournament:309";"WC Qualification, OFC";7;"sr:category:4";"International";"intl";1;"FFA";"en-US";1;1
"sr:tournament:30913";"Paulista, Women";10000;"other";"Brazil";"sr:category:13";0;"";"en-US";0;0
"sr:tournament:30991";"Coupe U21 Pro League";10000;"other";"Belgium";"sr:category:33";0;"";"en-US";0;0
"sr:tournament:312";"Ukraine Cup";1000;"sr:category:86";"Ukraine";"other";1;"";"en-US";0;0
"sr:tournament:314";"Serbia Cup";1000;"sr:category:152";"Serbia";"other";0;"";"en-US";0;0
"sr:tournament:315";"Cyprus Cup";1000;"sr:category:102";"Cyprus";"other";1;"";"en-US";0;0
"sr:tournament:323";"Emperor Cup";1000;"sr:category:52";"Japan";"other";1;"";"en-US";0;0
"sr:tournament:325";"Brasileiro Serie A";41;"sr:category:13";"Brazil";"am";1;"BRA";"en-US";1;0
"sr:tournament:326";"Beker van Belgie";1000;"sr:category:33";"Belgium";"other";1;"";"en-US";0;0
"sr:tournament:327";"League Cup";1000;"sr:category:44";"Portugal";"other";1;"";"en-US";0;0
"sr:tournament:328";"Coppa Italia";108;"sr:category:31";"Italy";"other";1;"ITA";"en-US";1;0
"sr:tournament:329";"Copa del Rey";93;"sr:category:32";"Spain";"other";1;"ESP";"en-US";1;0
"sr:tournament:330";"KNVB beker";1000;"sr:category:35";"Netherlands";"other";1;"";"en-US";0;0
"sr:tournament:331";"Challenge Cup";1000;"sr:category:22";"Scotland";"other";1;"";"en-US";0;0
"sr:tournament:332";"League Cup";1000;"sr:category:22";"Scotland";"other";1;"";"en-US";0;0
"sr:tournament:333";"Coupe de la Ligue";114;"sr:category:7";"France";"other";1;"FRA";"en-US";1;0
"sr:tournament:334";"EFL Trophy";86;"sr:category:1";"England";"other";1;"ENG";"en-US";1;0
"sr:tournament:335";"Coupe de France";113;"sr:category:7";"France";"other";1;"FRA";"en-US";1;0
"sr:tournament:336";"Taca de Portugal";1000;"sr:category:44";"Portugal";"other";0;"";"en-US";0;0
"sr:tournament:338";"Super Cup";1000;"sr:category:33";"Belgium";"other";0;"";"en-US";0;0
"sr:tournament:339";"TrophÃ©e des Champions";115;"sr:category:7";"France";"other";1;"FRA";"en-US";1;0
"sr:tournament:34";"Ligue 1";21;"sr:category:7";"France";"eu";1;"FRA";"en-US";1;0
"sr:tournament:340";"Johan Cruijff Schaal";1000;"sr:category:35";"Netherlands";"other";0;"";"en-US";0;0
"sr:tournament:341";"Super Cup";103;"sr:category:31";"Italy";"other";1;"ITA";"en-US";1;0
"sr:tournament:342";"Berlusconi Trophy";1000;"sr:category:31";"Italy";"other";0;"";"en-US";0;0
"sr:tournament:343";"Serie C";110;"sr:category:31";"Italy";"other";1;"ITA";"en-US";1;0
"sr:tournament:345";"Super Cup";1000;"sr:category:44";"Portugal";"other";1;"";"en-US";0;0
"sr:tournament:346";"Community Shield";82;"sr:category:1";"England";"other";1;"ENG";"en-US";1;0
"sr:tournament:347";"Scottish Cup";1000;"sr:category:22";"Scotland";"other";1;"";"en-US";0;0
"sr:tournament:348";"Macedonia Cup";1000;"sr:category:159";"North Macedonia";"other";1;"";"en-US";0;0
"sr:tournament:35";"Bundesliga";19;"sr:category:30";"Germany";"eu";1;"DEU";"en-US";1;0
"sr:tournament:351";"Super Cup";1000;"sr:category:5";"Norway";"other";1;"";"en-US";0;0
"sr:tournament:355";"Romania Cup";1000;"sr:category:77";"Romania";"other";1;"";"en-US";0;0
"sr:tournament:356";"Super Cup";1000;"sr:category:92";"Estonia";"other";1;"";"en-US";0;0
"sr:tournament:357";"Club World Cup";1000;"sr:category:393";"International Clubs";"other";1;"";"en-US";0;1
"sr:tournament:358";"Premier Soccer League";1000;"sr:category:322";"South Africa";"other";1;"";"en-US";0;0
"sr:tournament:36";"Premiership";1000;"sr:category:22";"Scotland";"other";1;"";"en-US";0;0
"sr:tournament:365";"Bulgarian Cup";1000;"sr:category:78";"Bulgaria";"other";1;"";"en-US";0;0
"sr:tournament:367";"League Cup";1000;"sr:category:131";"Wales";"other";0;"";"en-US";0;0
"sr:tournament:37";"Eredivisie";28;"sr:category:35";"Netherlands";"eu";1;"NLD";"en-US";1;0
"sr:tournament:370";"Israel Cup";1000;"sr:category:66";"Israel";"other";1;"";"en-US";0;0
"sr:tournament:372";"Paulista, Serie A1";1000;"sr:category:13";"Brazil";"other";1;"";"en-US";0;0
"sr:tournament:373";"Copa do Brasil";1000;"sr:category:13";"Brazil";"other";0;"";"en-US";0;0
"sr:tournament:374";"Baiano";1000;"sr:category:13";"Brazil";"other";0;"";"en-US";0;0
"sr:tournament:375";"Greece Cup";1000;"sr:category:67";"Greece";"other";1;"";"en-US";0;0
"sr:tournament:376";"Catarinense";1000;"sr:category:13";"Brazil";"other";0;"";"en-US";0;0
"sr:tournament:377";"Gaucho";1000;"sr:category:13";"Brazil";"other";0;"";"en-US";0;0
"sr:tournament:378";"Cearense";1000;"sr:category:13";"Brazil";"other";0;"";"en-US";0;0
"sr:tournament:379";"Mineiro";1000;"sr:category:13";"Brazil";"other";0;"";"en-US";0;0
"sr:tournament:38";"First Division A";29;"sr:category:33";"Belgium";"eu";1;"BEL";"en-US";1;0
"sr:tournament:380";"Pernambucano";1000;"sr:category:13";"Brazil";"other";0;"";"en-US";0;0
"sr:tournament:381";"Goiano";1000;"sr:category:13";"Brazil";"other";0;"";"en-US";0;0
"sr:tournament:382";"Paranaense";1000;"sr:category:13";"Brazil";"other";0;"";"en-US";0;0
"sr:tournament:384";"Copa Libertadores";44;"sr:category:393";"International Clubs";"am";1;"COP";"en-US";1;1
"sr:tournament:388";"FAW Welsh Cup";1000;"sr:category:131";"Wales";"other";1;"";"en-US";0;0
"sr:tournament:39";"Superligaen";1000;"sr:category:8";"Denmark";"other";1;"";"en-US";0;0
"sr:tournament:390";"Brasileiro Serie B";1000;"sr:category:13";"Brazil";"other";1;"";"en-US";0;0
"sr:tournament:392";"East Asian Championship";66;"sr:category:4";"International";"intl";1;"AFC";"en-US";1;1
"sr:tournament:393";"Super Cup";1000;"sr:category:52";"Japan";"other";1;"";"en-US";0;0
"sr:tournament:395";"2nd Div, Ostra Gotaland";1000;"sr:category:9";"Sweden";"other";0;"";"en-US";0;0
"sr:tournament:397";"Super Cup";1000;"sr:category:21";"Russia";"other";1;"";"en-US";0;0
"sr:tournament:399";"Schweizer Cup";1000;"sr:category:25";"Switzerland";"other";1;"";"en-US";0;0
"sr:tournament:40";"Allsvenskan";1000;"sr:category:9";"Sweden";"other";1;"";"en-US";0;0
"sr:tournament:402";"J.League 2";1000;"sr:category:52";"Japan";"other";1;"";"en-US";0;0
"sr:tournament:404";"East Asian Champio. Women";80;"sr:category:4";"International";"intl";1;"AFC";"en-US";1;1
"sr:tournament:406";"Primera Division";1000;"sr:category:20";"Peru";"other";1;"";"en-US";0;0
"sr:tournament:41";"Veikkausliiga";1000;"sr:category:19";"Finland";"other";1;"";"en-US";0;0
"sr:tournament:410";"K-League 1";24;"sr:category:291";"Republic of Korea";"as";1;"KOR";"en-US";1;0
"sr:tournament:411";"Algarve Cup Women";81;"sr:category:4";"International";"intl";1;"";"en-US";1;1
"sr:tournament:42";"Regionalliga North";1000;"sr:category:122";"Germany Amateur";"other";1;"";"en-US";0;0
"sr:tournament:429";"U17 European Ch.ship";1000;"sr:category:392";"International Youth";"intl";1;"";"en-US";0;1
"sr:tournament:43";"Regionalliga South";1000;"sr:category:122";"Germany Amateur";"other";1;"";"en-US";0;0
"sr:tournament:436";"Olympic Games";67;"sr:category:4";"International";"intl";1;"OLY";"en-US";1;1
"sr:tournament:437";"Olympic Games Women";68;"sr:category:4";"International";"intl";1;"OLY";"en-US";1;1
"sr:tournament:44";"2nd Bundesliga";99;"sr:category:30";"Germany";"other";1;"DEU";"en-US";1;0
"sr:tournament:445";"OFB Cup";1000;"sr:category:17";"Austria";"other";1;"";"en-US";0;0
"sr:tournament:446";"Super Cup";1000;"sr:category:11";"Hungary";"other";0;"";"en-US";0;0
"sr:tournament:448";"Super Cup";1000;"sr:category:24";"Slovenia";"other";0;"";"en-US";0;0
"sr:tournament:45";"Bundesliga";1000;"sr:category:17";"Austria";"other";1;"";"en-US";0;0
"sr:tournament:452";"U21 Toulon Tournament";1000;"sr:category:392";"International Youth";"intl";1;"";"en-US";0;1
"sr:tournament:453";"U20 World Cup";1000;"sr:category:392";"International Youth";"intl";1;"";"en-US";0;1
"sr:tournament:454";"U21 European Championship";1000;"sr:category:392";"International Youth";"intl";1;"";"en-US";0;1
"sr:tournament:46";"Superettan";1000;"sr:category:9";"Sweden";"other";1;"";"en-US";0;0
"sr:tournament:460";"Confederations Cup";54;"sr:category:4";"International";"intl";1;"FFA";"en-US";1;1
"sr:tournament:463";"AFC Champions League";25;"sr:category:393";"International Clubs";"as";1;"AFC";"en-US";1;1
"sr:tournament:464";"Copa Catalunya";1000;"sr:category:393";"International Clubs";"other";0;"";"en-US";0;1
"sr:tournament:465";"UEFA Super Cup";16;"sr:category:393";"International Clubs";"eu";1;"UFA";"en-US";1;1
"sr:tournament:466";"Peace Cup";1000;"sr:category:393";"International Clubs";"other";0;"";"en-US";0;1
"sr:tournament:47";"1st Division";1000;"sr:category:8";"Denmark";"other";1;"";"en-US";0;0
"sr:tournament:477";"European Championship, Women";11;"sr:category:4";"International";"intl";1;"UFA";"en-US";1;1
"sr:tournament:480";"Copa Sudamericana";45;"sr:category:393";"International Clubs";"am";1;"COP";"en-US";1;1
"sr:tournament:482";"Canadian Soccer League";1000;"sr:category:388";"Canada";"other";1;"";"en-US";0;0
"sr:tournament:488";"Uhrencup";1000;"sr:category:393";"International Clubs";"other";0;"";"en-US";0;1
"sr:tournament:490";"Recopa Sudamericana";46;"sr:category:393";"International Clubs";"am";1;"COP";"en-US";1;1
"sr:tournament:491";"3rd Liga";100;"sr:category:30";"Germany";"other";1;"DEU";"en-US";1;0
"sr:tournament:493";"Regionalliga West";1000;"sr:category:122";"Germany Amateur";"other";1;"";"en-US";0;0
"sr:tournament:495";"US Open Cup";1000;"sr:category:26";"USA";"other";1;"";"en-US";0;0
"sr:tournament:498";"CONCACAF CL";47;"sr:category:393";"International Clubs";"am";1;"CAF";"en-US";1;1
"sr:tournament:504";"Cup";1000;"sr:category:10";"Iceland";"other";1;"";"en-US";0;0
"sr:tournament:505";"Super Cup";1000;"sr:category:46";"Turkey";"other";1;"";"en-US";0;0
"sr:tournament:507";"NRW-Liga";1000;"sr:category:122";"Germany Amateur";"other";0;"";"en-US";0;0
"sr:tournament:508";"Bremen-Liga";1000;"sr:category:122";"Germany Amateur";"other";0;"";"en-US";0;0
"sr:tournament:509";"Oberliga Hamburg";1000;"sr:category:122";"Germany Amateur";"other";0;"";"en-US";0;0
"sr:tournament:510";"Super Cup";1000;"sr:category:78";"Bulgaria";"other";1;"";"en-US";0;0
"sr:tournament:511";"Super Cup";1000;"sr:category:47";"Poland";"other";1;"";"en-US";0;0
"sr:tournament:512";"Schleswig-Holstein-Liga";1000;"sr:category:122";"Germany Amateur";"other";0;"";"en-US";0;0
"sr:tournament:515";"II Liga";1000;"sr:category:47";"Poland";"other";1;"";"en-US";0;0
"sr:tournament:52";"Super Lig";30;"sr:category:46";"Turkey";"eu";1;"TUR";"en-US";1;0
"sr:tournament:53";"Serie B";101;"sr:category:31";"Italy";"other";1;"ITA";"en-US";1;0
"sr:tournament:532";"2nd Liga";1000;"sr:category:24";"Slovenia";"other";1;"";"en-US";0;0
"sr:tournament:533";"Danmarksserien, Pulje 1";1000;"sr:category:95";"Denmark Amateur";"other";1;"";"en-US";0;0
"sr:tournament:534";"Danmarksserien, Pulje 2";1000;"sr:category:95";"Denmark Amateur";"other";1;"";"en-US";0;0
"sr:tournament:535";"Danmarksserien, Pulje 3";1000;"sr:category:95";"Denmark Amateur";"other";1;"";"en-US";0;0
"sr:tournament:54";"LaLiga 2";95;"sr:category:32";"Spain";"other";1;"ESP";"en-US";1;0
"sr:tournament:544";"Second Division B";94;"sr:category:32";"Spain";"other";1;"ESP";"en-US";1;0
"sr:tournament:55";"Ykkonen";1000;"sr:category:19";"Finland";"other";1;"";"en-US";0;0
"sr:tournament:550";"Super Cup";1000;"sr:category:102";"Cyprus";"other";1;"";"en-US";0;0
"sr:tournament:562";"Liga 2";1000;"sr:category:77";"Romania";"other";1;"";"en-US";0;0
"sr:tournament:569";"Lega Pro Sec Div, Gir A";1000;"sr:category:31";"Italy";"other";0;"";"en-US";0;0
"sr:tournament:570";"Lega Pro Sec Div, Gir B";1000;"sr:category:31";"Italy";"other";0;"";"en-US";0;0
"sr:tournament:578";"Belarus Cup";1000;"sr:category:91";"Belarus";"other";1;"";"en-US";0;0
"sr:tournament:583";"Bosnia & Herzegovina Cup";1000;"sr:category:158";"Bosnia & Herzegovina";"other";1;"";"en-US";0;0
"sr:tournament:594";"Premiership";1000;"sr:category:148";"New Zealand";"other";1;"";"en-US";0;0
"sr:tournament:602";"AFF Suzuki Cup";64;"sr:category:4";"International";"intl";1;"AFC";"en-US";1;1
"sr:tournament:611";"League Cup";1000;"sr:category:130";"Northern Ireland";"other";1;"";"en-US";0;0
"sr:tournament:615";"FA Cup";1000;"sr:category:291";"Republic of Korea";"other";1;"";"en-US";0;0
"sr:tournament:622";"Gulf Cup";55;"sr:category:4";"International";"intl";1;"";"en-US";1;1
"sr:tournament:626";"V-League";1000;"sr:category:366";"Vietnam";"other";1;"";"en-US";0;0
"sr:tournament:627";"Liga 2, Seria 2";1000;"sr:category:77";"Romania";"other";0;"";"en-US";0;0
"sr:tournament:628";"FA Trophy";1000;"sr:category:252";"England Amateur";"other";1;"";"en-US";0;0
"sr:tournament:629";"Premier League";1000;"sr:category:134";"Malta";"other";1;"";"en-US";0;0
"sr:tournament:630";"First Division";1000;"sr:category:134";"Malta";"other";1;"";"en-US";0;0
"sr:tournament:632";"U20 CONMEBOL Ch.ship";1000;"sr:category:392";"International Youth";"intl";0;"";"en-US";0;1
"sr:tournament:633";"FA Trophy";1000;"sr:category:134";"Malta";"other";0;"";"en-US";0;0
"sr:tournament:634";"Premier League";1000;"sr:category:45";"Singapore";"other";1;"";"en-US";0;0
"sr:tournament:637";"African Nations Ch.ship";48;"sr:category:4";"International";"intl";1;"AFR";"en-US";1;1
"sr:tournament:638";"U20 CONCACAF Ch.ship";1000;"sr:category:392";"International Youth";"intl";1;"";"en-US";0;1
"sr:tournament:642";"Super Cup";1000;"sr:category:9";"Sweden";"other";0;"";"en-US";0;0
"sr:tournament:643";"Super Cup Women";1000;"sr:category:9";"Sweden";"other";0;"";"en-US";0;0
"sr:tournament:649";"Chinese Super League";26;"sr:category:99";"China";"as";1;"CHN";"en-US";1;0
"sr:tournament:65";"2nd Division";1000;"sr:category:8";"Denmark";"other";1;"";"en-US";0;0
"sr:tournament:655";"Singapore Cup";1000;"sr:category:45";"Singapore";"other";1;"";"en-US";0;0
"sr:tournament:668";"AFC Cup";61;"sr:category:393";"International Clubs";"as";1;"AFC";"en-US";1;1
"sr:tournament:669";"League Cup";1000;"sr:category:45";"Singapore";"other";0;"";"en-US";0;0
"sr:tournament:67";"Div 1, Norra";1000;"sr:category:9";"Sweden";"other";1;"";"en-US";0;0
"sr:tournament:671";"Premier League";1000;"sr:category:296";"Armenia";"other";1;"";"en-US";0;0
"sr:tournament:672";"First League";1000;"sr:category:296";"Armenia";"other";1;"";"en-US";0;0
"sr:tournament:673";"Premier League";1000;"sr:category:201";"Faroe Islands";"other";1;"";"en-US";0;0
"sr:tournament:674";"1st deild";1000;"sr:category:201";"Faroe Islands";"other";1;"";"en-US";0;0
"sr:tournament:675";"1st deild";1000;"sr:category:10";"Iceland";"other";1;"";"en-US";0;0
"sr:tournament:676";"1 Lyga";1000;"sr:category:160";"Lithuania";"other";1;"";"en-US";0;0
"sr:tournament:677";"1.Liga";1000;"sr:category:163";"Latvia";"other";1;"";"en-US";0;0
"sr:tournament:678";"Esiliiga";1000;"sr:category:92";"Estonia";"other";1;"";"en-US";0;0
"sr:tournament:679";"UEFA Europa League";15;"sr:category:393";"International Clubs";"eu";1;"UFA";"en-US";1;1
"sr:tournament:68";"Div 1 Sodra";1000;"sr:category:9";"Sweden";"other";1;"";"en-US";0;0
"sr:tournament:680";"Super Cup";1000;"sr:category:23";"Slovakia";"other";0;"";"en-US";0;0
"sr:tournament:682";"Premier League";1000;"sr:category:278";"Kazakhstan";"other";1;"";"en-US";0;0
"sr:tournament:685";"Divizia Nationala";1000;"sr:category:279";"Moldova";"other";1;"";"en-US";0;0
"sr:tournament:686";"DFB Pokal Women";1000;"sr:category:122";"Germany Amateur";"other";1;"";"en-US";0;0
"sr:tournament:690";"Division Nationale";1000;"sr:category:197";"Luxembourg";"other";1;"";"en-US";0;0
"sr:tournament:691";"Persha Liga";1000;"sr:category:86";"Ukraine";"other";0;"";"en-US";0;0
"sr:tournament:692";"2nd Division";1000;"sr:category:102";"Cyprus";"other";1;"";"en-US";0;0
"sr:tournament:695";"U19 Euro Womens Ch.ship";1000;"sr:category:392";"International Youth";"intl";1;"";"en-US";0;1
"sr:tournament:696";"UEFA Champions League Women";1000;"sr:category:393";"International Clubs";"other";1;"";"en-US";0;1
"sr:tournament:698";"Super Cup";1000;"sr:category:77";"Romania";"other";1;"";"en-US";0;0
"sr:tournament:699";"Premier Reserve League";1000;"sr:category:252";"England Amateur";"other";0;"";"en-US";0;0
"sr:tournament:7";"UEFA Champions League";14;"sr:category:393";"International Clubs";"eu";1;"UFA";"en-US";1;1
"sr:tournament:70";"2nd Div, Norra Svealand";1000;"sr:category:9";"Sweden";"other";0;"";"en-US";0;0
"sr:tournament:701";"Championship";1000;"sr:category:130";"Northern Ireland";"other";1;"";"en-US";0;0
"sr:tournament:702";"Welsh League Div One";1000;"sr:category:131";"Wales";"other";1;"";"en-US";0;0
"sr:tournament:703";"Primera Nacional";1000;"sr:category:48";"Argentina";"other";1;"";"en-US";0;0
"sr:tournament:704";"National League";1000;"sr:category:270";"Georgia";"other";1;"";"en-US";0;0
"sr:tournament:705";"NB II Keleti";1000;"sr:category:11";"Hungary";"other";1;"";"en-US";0;0
"sr:tournament:706";"NB II Nyugati";1000;"sr:category:11";"Hungary";"other";1;"";"en-US";0;0
"sr:tournament:707";"2nd Division East";1000;"sr:category:78";"Bulgaria";"other";0;"";"en-US";0;0
"sr:tournament:708";"2nd Division West";1000;"sr:category:78";"Bulgaria";"other";0;"";"en-US";0;0
"sr:tournament:709";"Premier League";1000;"sr:category:297";"Azerbaijan";"other";1;"";"en-US";0;0
"sr:tournament:71";"2nd Div, Norrland";1000;"sr:category:9";"Sweden";"other";0;"";"en-US";0;0
"sr:tournament:710";"Divizia A";1000;"sr:category:279";"Moldova";"other";1;"";"en-US";0;0
"sr:tournament:715";"Prva Liga, Rep of Srpska";1000;"sr:category:158";"Bosnia & Herzegovina";"other";0;"";"en-US";0;0
"sr:tournament:716";"Prva Liga, Fed BiH";1000;"sr:category:158";"Bosnia & Herzegovina";"other";0;"";"en-US";0;0
"sr:tournament:717";"Druga Liga Crne Gore";1000;"sr:category:386";"Montenegro";"other";0;"";"en-US";0;0
"sr:tournament:718";"2. MFL";1000;"sr:category:159";"North Macedonia";"other";0;"";"en-US";0;0
"sr:tournament:719";"Huws Gray Alliance";1000;"sr:category:131";"Wales";"other";1;"";"en-US";0;0
"sr:tournament:72";"2nd Div, Sodra Gotaland";1000;"sr:category:9";"Sweden";"other";0;"";"en-US";0;0
"sr:tournament:720";"Kategoria Superiore";1000;"sr:category:257";"Albania";"other";1;"";"en-US";0;0
"sr:tournament:721";"Prva Liga";1000;"sr:category:152";"Serbia";"other";1;"";"en-US";0;0
"sr:tournament:722";"Kategoria e Pare";1000;"sr:category:257";"Albania";"other";0;"";"en-US";0;0
"sr:tournament:723";"Promotion d'Honneur";1000;"sr:category:197";"Luxembourg";"other";1;"";"en-US";0;0
"sr:tournament:724";"2. HNL";1000;"sr:category:14";"Croatia";"other";0;"";"en-US";0;0
"sr:tournament:725";"Super Cup";1000;"sr:category:134";"Malta";"other";1;"";"en-US";0;0
"sr:tournament:726";"National League 2";1000;"sr:category:270";"Georgia";"other";1;"";"en-US";0;0
"sr:tournament:727";"National League";1000;"sr:category:66";"Israel";"other";0;"";"en-US";0;0
"sr:tournament:728";"Setanta Sports Cup";1000;"sr:category:393";"International Clubs";"other";0;"";"en-US";0;1
"sr:tournament:729";"Cup";1000;"sr:category:270";"Georgia";"other";1;"";"en-US";0;0
"sr:tournament:73";"2nd Div, Vastra Gotaland";1000;"sr:category:9";"Sweden";"other";0;"";"en-US";0;0
"sr:tournament:731";"Cup";1000;"sr:category:92";"Estonia";"other";1;"";"en-US";0;0
"sr:tournament:736";"First Division";1000;"sr:category:297";"Azerbaijan";"other";1;"";"en-US";0;0
"sr:tournament:737";"Coppa Titano";1000;"sr:category:387";"San Marino";"other";0;"";"en-US";0;0
"sr:tournament:738";"Campionato Sammarinese";1000;"sr:category:387";"San Marino";"other";1;"";"en-US";0;0
"sr:tournament:739";"Cup Crne Gore";1000;"sr:category:386";"Montenegro";"other";0;"";"en-US";0;0
"sr:tournament:74";"2nd Div, Sodra Svealand";1000;"sr:category:9";"Sweden";"other";0;"";"en-US";0;0
"sr:tournament:740";"Azerbaijan Cup";1000;"sr:category:297";"Azerbaijan";"other";1;"";"en-US";0;0
"sr:tournament:741";"Cupa Moldova";1000;"sr:category:279";"Moldova";"other";1;"";"en-US";0;0
"sr:tournament:742";"Primera Divisio";1000;"sr:category:376";"Andorra";"other";0;"";"en-US";0;0
"sr:tournament:743";"Second Division";1000;"sr:category:376";"Andorra";"other";1;"";"en-US";0;0
"sr:tournament:746";"U19 Euro W Ch.ship, QF";1000;"sr:category:392";"International Youth";"intl";1;"";"en-US";0;1
"sr:tournament:748";"U19 European Ch.ship, QF";1000;"sr:category:392";"International Youth";"intl";1;"";"en-US";0;1
"sr:tournament:749";"Kazakhstan Cup";1000;"sr:category:278";"Kazakhstan";"other";1;"";"en-US";0;0
"sr:tournament:753";"U17 Euro W Ch.ship, QF";1000;"sr:category:392";"International Youth";"intl";1;"";"en-US";0;1
"sr:tournament:755";"U17 European Championship Qualification";1000;"sr:category:392";"International Youth";"intl";1;"";"en-US";0;1
"sr:tournament:756";"Kupa e Shqiperise";1000;"sr:category:257";"Albania";"other";0;"";"en-US";0;0
"sr:tournament:757";"FL1 Aktiv-Cup";1000;"sr:category:512";"Liechtenstein";"other";1;"";"en-US";0;0
"sr:tournament:76";"DBU Pokalen";1000;"sr:category:8";"Denmark";"other";1;"";"en-US";0;0
"sr:tournament:761";"Latvia Cup";1000;"sr:category:163";"Latvia";"other";1;"";"en-US";0;0
"sr:tournament:765";"Coupe de Luxembourg";1000;"sr:category:197";"Luxembourg";"other";1;"";"en-US";0;0
"sr:tournament:766";"Super Cup";1000;"sr:category:270";"Georgia";"other";1;"";"en-US";0;0
"sr:tournament:767";"Irish Cup";1000;"sr:category:130";"Northern Ireland";"other";1;"";"en-US";0;0
"sr:tournament:771";"V-League 2";1000;"sr:category:366";"Vietnam";"other";1;"";"en-US";0;0
"sr:tournament:772";"PFL";1000;"sr:category:385";"Uzbekistan";"other";1;"";"en-US";0;0
"sr:tournament:773";"Super Cup";1000;"sr:category:278";"Kazakhstan";"other";1;"";"en-US";0;0
"sr:tournament:775";"Super Cup";1000;"sr:category:91";"Belarus";"other";1;"";"en-US";0;0
"sr:tournament:776";"Pervaya Liga";1000;"sr:category:91";"Belarus";"other";0;"";"en-US";0;0
"sr:tournament:777";"K-League 2";1000;"sr:category:291";"Republic of Korea";"other";1;"";"en-US";0;0
"sr:tournament:778";"Armenian Cup";1000;"sr:category:296";"Armenia";"other";1;"";"en-US";0;0
"sr:tournament:779";"Logmanssteypid";1000;"sr:category:201";"Faroe Islands";"other";0;"";"en-US";0;0
"sr:tournament:780";"WC Qualification Women";70;"sr:category:4";"International";"intl";1;"WFI";"en-US";1;1
"sr:tournament:782";"China League";1000;"sr:category:99";"China";"other";1;"";"en-US";0;0
"sr:tournament:785";"First Division";1000;"sr:category:278";"Kazakhstan";"other";1;"";"en-US";0;0
"sr:tournament:786";"Super Cup";1000;"sr:category:10";"Iceland";"other";1;"";"en-US";0;0
"sr:tournament:799";"Super Cup";98;"sr:category:30";"Germany";"other";1;"DEU";"en-US";1;0
"sr:tournament:8";"LaLiga";18;"sr:category:32";"Spain";"eu";1;"ESP";"en-US";1;0
"sr:tournament:80";"Svenska Cup";1000;"sr:category:9";"Sweden";"other";1;"";"en-US";0;0
"sr:tournament:800";"Super Cup";1000;"sr:category:14";"Croatia";"other";1;"";"en-US";0;0
"sr:tournament:804";"U20 Womens World Cup";1000;"sr:category:392";"International Youth";"intl";1;"";"en-US";0;1
"sr:tournament:808";"Premier League";1000;"sr:category:305";"Egypt";"other";1;"";"en-US";0;0
"sr:tournament:809";"A-Jun-BL N/N-E";1000;"sr:category:122";"Germany Amateur";"other";0;"";"en-US";0;0
"sr:tournament:810";"A-Jun-BL West";1000;"sr:category:122";"Germany Amateur";"other";0;"";"en-US";0;0
"sr:tournament:811";"A-Jun-BL S/S-W";1000;"sr:category:122";"Germany Amateur";"other";0;"";"en-US";0;0
"sr:tournament:812";"Lff Cup";1000;"sr:category:160";"Lithuania";"other";1;"";"en-US";0;0
"sr:tournament:813";"Oberliga Niedersachsen";1000;"sr:category:122";"Germany Amateur";"other";0;"";"en-US";0;0
"sr:tournament:822";"U19 1st Division";1000;"sr:category:18";"Czech Republic";"other";1;"";"en-US";0;0
"sr:tournament:823";"1. Liga, Women";1000;"sr:category:18";"Czech Republic";"other";1;"";"en-US";0;0
"sr:tournament:824";"Coppa Italia Serie C";109;"sr:category:31";"Italy";"other";1;"ITA";"en-US";1;0
"sr:tournament:825";"Stars League";1000;"sr:category:353";"Qatar";"as";1;"";"en-US";0;0
"sr:tournament:827";"U17 Womens World Cup";1000;"sr:category:392";"International Youth";"intl";1;"";"en-US";0;1
"sr:tournament:83";"Liigacup";1000;"sr:category:19";"Finland";"other";0;"";"en-US";0;0
"sr:tournament:841";"Ligue 1";1000;"sr:category:304";"Algeria";"other";1;"";"en-US";0;0
"sr:tournament:842";"WAFF Championship";56;"sr:category:4";"International";"intl";1;"AFC";"en-US";1;1
"sr:tournament:846";"Premier League";1000;"sr:category:351";"Bahrain";"other";1;"";"en-US";0;0
"sr:tournament:847";"A2 League";1000;"sr:category:254";"Turkey Amateur";"other";0;"";"en-US";0;0
"sr:tournament:848";"I-League";1000;"sr:category:352";"India";"as";1;"";"en-US";0;0
"sr:tournament:849";"Beloften Eredivisie";1000;"sr:category:35";"Netherlands";"other";0;"";"en-US";0;0
"sr:tournament:851";"Int. Friendly Games";9;"sr:category:4";"International";"intl";1;"ITN";"en-US";1;1
"sr:tournament:852";"Int. Friendly Games W";12;"sr:category:4";"International";"intl";1;"ITN";"en-US";1;1
"sr:tournament:853";"Club Friendly Games";1000;"sr:category:393";"International Clubs";"other";1;"";"en-US";0;1
"sr:tournament:854";"U21 Friendly Games";1000;"sr:category:392";"International Youth";"intl";1;"";"en-US";0;1
"sr:tournament:855";"U20 Friendly Games";1000;"sr:category:392";"International Youth";"intl";1;"";"en-US";0;1
"sr:tournament:856";"U19 Friendly Games";1000;"sr:category:392";"International Youth";"intl";1;"";"en-US";0;1
"sr:tournament:857";"U18 Friendly Games";1000;"sr:category:392";"International Youth";"intl";1;"";"en-US";0;1
"sr:tournament:858";"U17 Friendly Games";1000;"sr:category:392";"International Youth";"intl";1;"";"en-US";0;1
"sr:tournament:868";"2nd Div, Norra Gotaland";1000;"sr:category:9";"Sweden";"other";0;"";"en-US";0;0
"sr:tournament:878";"Womens Euro, Qualif.";72;"sr:category:4";"International";"intl";1;"UFA";"en-US";1;1
"sr:tournament:879";"Youth League";1000;"sr:category:21";"Russia";"other";0;"";"en-US";0;0
"sr:tournament:880";"NASL";1000;"sr:category:26";"USA";"other";0;"";"en-US";0;0
"sr:tournament:881";"Copa Constitucio";1000;"sr:category:376";"Andorra";"other";0;"";"en-US";0;0
"sr:tournament:882";"FA Cup";1000;"sr:category:99";"China";"other";1;"";"en-US";0;0
"sr:tournament:883";"Supercoppa Di Lega Di Seconda Divisione";1000;"sr:category:31";"Italy";"other";0;"";"en-US";0;0
"sr:tournament:884";"Supercoppa di Lega Pro";106;"sr:category:31";"Italy";"other";1;"ITA";"en-US";1;0
"sr:tournament:886";"Audi Cup";1000;"sr:category:393";"International Clubs";"other";1;"";"en-US";0;1
"sr:tournament:889";"Telekom Cup";1000;"sr:category:30";"Germany";"other";1;"";"en-US";0;0
"sr:tournament:890";"Supercupa";1000;"sr:category:279";"Moldova";"other";1;"";"en-US";0;0
"sr:tournament:892";"U21";1000;"sr:category:86";"Ukraine";"other";0;"";"en-US";0;0
"sr:tournament:9";"First Division B";1000;"sr:category:33";"Belgium";"other";1;"";"en-US";0;0
"sr:tournament:91";"Russian Cup";1000;"sr:category:21";"Russia";"other";1;"";"en-US";0;0
"sr:tournament:912";"Super Cup";1000;"sr:category:159";"North Macedonia";"other";0;"";"en-US";0;0
"sr:tournament:915";"Pro League";1000;"sr:category:301";"Iran";"other";1;"";"en-US";0;0
"sr:tournament:917";"U17 Euro Ch.ship, W";1000;"sr:category:392";"International Youth";"intl";1;"";"en-US";0;1
"sr:tournament:92";"Carioca";1000;"sr:category:13";"Brazil";"other";1;"";"en-US";0;0
"sr:tournament:925";"Liga Nacional, Relegation Playoff";1000;"sr:category:437";"Honduras";"other";1;"";"en-US";0;0
"sr:tournament:929";"Jordan League";1000;"sr:category:329";"Jordan";"other";1;"";"en-US";0;0
"sr:tournament:937";"Botola";1000;"sr:category:303";"Morocco";"other";1;"";"en-US";0;0
"sr:tournament:939";"Crown Prince Cup";1000;"sr:category:331";"Kuwait";"other";0;"";"en-US";0;0
"sr:tournament:947";"Premier League";1000;"sr:category:339";"Hong Kong, China";"other";1;"";"en-US";0;0
"sr:tournament:953";"Federation Cup";1000;"sr:category:331";"Kuwait";"other";1;"";"en-US";0;0
"sr:tournament:955";"Saudi Prof. League";1000;"sr:category:310";"Saudi Arabia";"other";0;"";"en-US";0;0
"sr:tournament:959";"AFC Olym. G., QF";1000;"sr:category:392";"International Youth";"intl";1;"";"en-US";0;1
"sr:tournament:96";"Turkiye Kupasi";1000;"sr:category:46";"Turkey";"other";0;"";"en-US";0;0
"sr:tournament:965";"Omani League";1000;"sr:category:415";"Oman";"other";1;"";"en-US";0;0
"sr:tournament:97";"2nd Lig";1000;"sr:category:254";"Turkey Amateur";"other";1;"";"en-US";0;0
"sr:tournament:971";"Arabian Gulf League";1000;"sr:category:299";"United Arab Emirates";"as";0;"";"en-US";0;0
"sr:tournament:98";"1. Lig";1000;"sr:category:46";"Turkey";"other";0;"";"en-US";0;0
"sr:tournament:981";"CAF U23 Championship";1000;"sr:category:392";"International Youth";"intl";1;"";"en-US";0;1
"sr:tournament:984";"Ligue 1";1000;"sr:category:378";"Tunisia";"other";1;"";"en-US";0;0
